step,bc_loss,ql_loss,actor_loss,critic_loss
0,0.967085063457489,1.1418486833572388,2.108933687210083,2568.97412109375
1,1.1420609951019287,0.7667577266693115,1.9088187217712402,1437.39404296875
2,0.9840869307518005,0.2228374183177948,1.206924319267273,2386.733154296875
3,0.9303690791130066,-0.30577316880226135,0.6245958805084229,1534.8021240234375
4,1.0178582668304443,-0.8959043622016907,0.12195390462875366,1757.061279296875
5,0.8906307220458984,-0.26938706636428833,0.6212436556816101,1504.125244140625
6,1.0534913539886475,-0.8642346858978271,0.1892566680908203,3028.251953125
7,1.0377438068389893,-0.5550206303596497,0.4827231764793396,2168.8515625
8,1.0131406784057617,-0.6955649852752686,0.31757569313049316,2147.8798828125
9,1.095381498336792,-1.266616702079773,-0.17123520374298096,1746.41943359375
10,0.9490989446640015,-0.6546478867530823,0.2944510579109192,1975.3614501953125
11,0.848507285118103,-1.0490607023239136,-0.20055341720581055,1464.063232421875
12,0.9650897979736328,-0.7980523109436035,0.1670374870300293,1333.0859375
13,0.8572850227355957,-1.1198004484176636,-0.26251542568206787,1947.9415283203125
14,0.9851648807525635,-0.768102765083313,0.2170621156692505,1279.963623046875
15,1.0600833892822266,-1.0276978015899658,0.03238558769226074,1124.58642578125
16,0.9539334177970886,-1.136775255203247,-0.18284183740615845,1783.877197265625
17,0.9964739680290222,-1.0183043479919434,-0.021830379962921143,1063.937744140625
18,1.0054876804351807,-1.1333280801773071,-0.12784039974212646,1058.9305419921875
19,0.9546933174133301,-1.1190942525863647,-0.16440093517303467,1627.212890625
20,1.0392436981201172,-0.9069591760635376,0.1322845220565796,985.4219970703125
21,0.8795261383056641,-0.9569118022918701,-0.07738566398620605,1575.0362548828125
22,0.9918254613876343,-0.924127459526062,0.06769800186157227,615.7513427734375
23,1.130767822265625,-1.0538443326950073,0.07692348957061768,642.766357421875
24,0.9941926002502441,-1.0210239887237549,-0.026831388473510742,1920.30810546875
25,1.0740288496017456,-0.9815773963928223,0.09245145320892334,1333.2783203125
26,0.9829916954040527,-0.9640030860900879,0.018988609313964844,1195.798095703125
27,0.8783048391342163,-0.9981039762496948,-0.11979913711547852,1114.0260009765625
28,1.0521601438522339,-0.9497477412223816,0.1024124026298523,390.185791015625
29,0.9632572531700134,-1.0208098888397217,-0.05755263566970825,348.9632568359375
30,1.1202802658081055,-1.0202088356018066,0.10007143020629883,352.0264587402344
31,0.9763137102127075,-1.0157856941223145,-0.039471983909606934,310.8477478027344
32,0.8872945308685303,-1.0129269361495972,-0.1256324052810669,1329.807373046875
33,1.142805576324463,-0.9753811955451965,0.16742438077926636,768.3555908203125
34,1.091646671295166,-0.9787555932998657,0.11289107799530029,737.7005615234375
35,1.0909678936004639,-1.0372707843780518,0.05369710922241211,222.27699279785156
36,1.211095929145813,-1.0298081636428833,0.1812877655029297,171.22283935546875
37,1.1785328388214111,-0.9361871480941772,0.2423456907272339,255.42198181152344
38,1.0402837991714478,-1.0699536800384521,-0.029669880867004395,798.5928344726562
39,1.054077386856079,-0.9308713674545288,0.12320601940155029,286.40191650390625
40,1.2152364253997803,-1.0420551300048828,0.17318129539489746,799.5146484375
41,1.1323559284210205,-1.0883500576019287,0.0440058708190918,321.505615234375
42,1.1323143243789673,-1.0893992185592651,0.04291510581970215,743.132080078125
43,1.057831048965454,-0.9274905323982239,0.13034051656723022,684.638916015625
44,0.9705960154533386,-0.9103462100028992,0.06024980545043945,283.2344970703125
45,1.0367631912231445,-1.0768017768859863,-0.0400385856628418,234.65135192871094
46,1.1815197467803955,-1.0797761678695679,0.10174357891082764,313.3082275390625
47,1.2168251276016235,-0.9158728718757629,0.3009522557258606,291.9909973144531
48,1.0924468040466309,-0.9289758801460266,0.16347092390060425,719.604736328125
49,1.0901527404785156,-0.9239823818206787,0.16617035865783691,190.5357208251953
50,1.0402848720550537,-0.9409186244010925,0.09936624765396118,183.8581085205078
51,1.046266794204712,-1.050905466079712,-0.004638671875,652.19287109375
52,0.9417974352836609,-1.1021908521652222,-0.16039341688156128,251.3457794189453
53,0.9346310496330261,-0.926120936870575,0.008510112762451172,1253.052978515625
54,0.9686917066574097,-0.9153542518615723,0.0533374547958374,291.4873046875
55,1.0256788730621338,-0.9160412549972534,0.10963761806488037,217.0105743408203
56,1.145998477935791,-1.1023637056350708,0.043634772300720215,249.960205078125
57,1.1862391233444214,-1.0863970518112183,0.09984207153320312,716.1150512695312
58,1.0379239320755005,-1.0844591856002808,-0.04653525352478027,795.250244140625
59,0.9254357218742371,-0.9116817712783813,0.013753950595855713,170.67886352539062
60,1.0039536952972412,-0.9317245483398438,0.07222914695739746,611.3948974609375
61,0.9829214811325073,-1.0794328451156616,-0.0965113639831543,205.37380981445312
62,0.9507596492767334,-0.9367709159851074,0.013988733291625977,222.87127685546875
63,1.0516448020935059,-0.9374483227729797,0.11419647932052612,227.7663116455078
64,0.9422569274902344,-0.9376371502876282,0.004619777202606201,227.46914672851562
65,1.0703601837158203,-0.9154598712921143,0.15490031242370605,229.32113647460938
66,1.0686302185058594,-0.9281817674636841,0.1404484510421753,276.172119140625
67,0.9977434873580933,-1.086208462715149,-0.08846497535705566,1068.65283203125
68,0.9803042411804199,-0.9221360087394714,0.058168232440948486,255.12567138671875
69,1.1101187467575073,-1.0864695310592651,0.023649215698242188,217.1858367919922
70,1.1006648540496826,-0.9266090393066406,0.174055814743042,201.6396942138672
71,1.0273715257644653,-0.9306432008743286,0.09672832489013672,166.60272216796875
72,1.2371784448623657,-1.0763864517211914,0.16079199314117432,160.19744873046875
73,0.9791215658187866,-0.9190382957458496,0.06008327007293701,147.33544921875
74,1.0641506910324097,-1.093327283859253,-0.02917659282684326,1252.346435546875
75,0.9579843282699585,-1.0910249948501587,-0.1330406665802002,257.00653076171875
76,0.9517962336540222,-0.9210202097892761,0.030776023864746094,146.10360717773438
77,1.0228149890899658,-0.920703113079071,0.10211187601089478,250.66229248046875
78,1.0220019817352295,-1.0686372518539429,-0.04663527011871338,224.0959930419922
79,1.0396404266357422,-0.9237743616104126,0.11586606502532959,662.8338623046875
80,1.0567569732666016,-0.9304205179214478,0.1263364553451538,1677.9254150390625
81,1.001598596572876,-0.9404165148735046,0.06118208169937134,714.8355102539062
82,0.9715914726257324,-1.0584129095077515,-0.08682143688201904,217.50547790527344
83,0.9515895843505859,-0.9410594701766968,0.01053011417388916,678.3526611328125
84,1.0461292266845703,-0.926162600517273,0.11996662616729736,1170.575927734375
85,1.0458303689956665,-1.0643826723098755,-0.018552303314208984,177.2240753173828
86,1.014284372329712,-1.0659888982772827,-0.0517045259475708,225.61077880859375
87,1.1594442129135132,-1.078296422958374,0.08114778995513916,146.91737365722656
88,0.9054984450340271,-1.0856473445892334,-0.1801488995552063,1535.41259765625
89,1.092820644378662,-0.9278959035873413,0.1649247407913208,227.61402893066406
90,1.1379350423812866,-0.9268630146980286,0.21107202768325806,599.005859375
91,0.8725811839103699,-1.0849401950836182,-0.2123590111732483,1185.0267333984375
92,1.0981438159942627,-1.0765221118927002,0.0216217041015625,731.608642578125
93,1.0592609643936157,-0.9285759925842285,0.1306849718093872,619.6697387695312
94,1.0546085834503174,-1.0770539045333862,-0.022445321083068848,175.7344207763672
95,0.9568766355514526,-1.0802770853042603,-0.12340044975280762,1017.7432861328125
96,0.9920715093612671,-1.0813018083572388,-0.08923029899597168,696.8231201171875
97,0.9511275291442871,-1.0882344245910645,-0.13710689544677734,233.43475341796875
98,0.906772792339325,-1.0779197216033936,-0.1711469292640686,1646.76025390625
99,0.99765944480896,-0.9249579906463623,0.07270145416259766,687.4660034179688
100,1.0229755640029907,-1.0714367628097534,-0.048461198806762695,618.61376953125
101,0.9942668676376343,-0.9414054155349731,0.05286145210266113,184.86190795898438
102,0.9875417947769165,-0.927841067314148,0.059700727462768555,691.2728271484375
103,1.0526126623153687,-1.0712625980377197,-0.018649935722351074,1488.786865234375
104,1.058326005935669,-0.9332801103591919,0.12504589557647705,602.1654052734375
105,0.9875210523605347,-1.0892356634140015,-0.1017146110534668,201.9027099609375
106,0.9570159912109375,-1.0757722854614258,-0.11875629425048828,602.8218994140625
107,1.0011160373687744,-0.9355764985084534,0.06553953886032104,187.37677001953125
108,0.8766148090362549,-1.071805477142334,-0.1951906681060791,1097.023193359375
109,0.9709039926528931,-0.9270666241645813,0.04383736848831177,637.8251953125
110,1.1109099388122559,-1.0753324031829834,0.03557753562927246,190.26663208007812
111,1.0878359079360962,-1.0653021335601807,0.022533774375915527,612.6143188476562
112,1.1744683980941772,-1.074303150177002,0.10016524791717529,745.130126953125
113,1.0254911184310913,-1.0861363410949707,-0.060645222663879395,1144.146240234375
114,1.049939513206482,-0.9247637987136841,0.12517571449279785,186.96981811523438
115,0.9914442300796509,-0.9177169799804688,0.07372725009918213,186.9085235595703
116,0.9947021007537842,-1.0705493688583374,-0.07584726810455322,210.55384826660156
117,0.9319859743118286,-1.0832170248031616,-0.151231050491333,673.966552734375
118,1.0496472120285034,-1.0733206272125244,-0.023673415184020996,688.2777709960938
119,1.0375500917434692,-0.9381332993507385,0.09941679239273071,658.7758178710938
120,0.9514421820640564,-0.929270327091217,0.022171854972839355,204.95391845703125
121,0.9900254011154175,-0.9277284741401672,0.062296926975250244,726.107421875
122,0.9710655212402344,-1.07656729221344,-0.10550177097320557,649.041259765625
123,0.9233352541923523,-0.9311997294425964,-0.00786447525024414,191.26089477539062
124,1.1225969791412354,-1.0952072143554688,0.0273897647857666,129.85337829589844
125,0.915456235408783,-0.9207540154457092,-0.0052977800369262695,200.86534118652344
126,1.043591856956482,-0.9206826686859131,0.12290918827056885,651.6080322265625
127,1.000632643699646,-1.0803645849227905,-0.07973194122314453,177.59933471679688
128,0.9909000396728516,-0.923137903213501,0.06776213645935059,1001.728271484375
129,1.0164611339569092,-1.0877723693847656,-0.07131123542785645,590.9412841796875
130,0.9650537371635437,-0.9264813661575317,0.03857237100601196,166.39129638671875
131,0.9747309684753418,-1.0899615287780762,-0.11523056030273438,1010.5391845703125
132,0.8764988780021667,-0.9187930822372437,-0.042294204235076904,154.6297607421875
133,1.0477010011672974,-0.9207943081855774,0.12690669298171997,1078.1513671875
134,0.9989470839500427,-1.0929449796676636,-0.09399789571762085,172.68896484375
135,0.8173791766166687,-1.0975388288497925,-0.2801596522331238,944.025146484375
136,1.0046800374984741,-0.9204880595207214,0.08419197797775269,697.9678955078125
137,1.0160257816314697,-0.9182918071746826,0.09773397445678711,513.5372924804688
138,1.077245831489563,-0.9208993315696716,0.15634649991989136,181.7340850830078
139,0.9153085947036743,-1.09853196144104,-0.18322336673736572,170.001220703125
140,1.0682685375213623,-1.0888727903366089,-0.020604252815246582,636.563720703125
141,0.8951377868652344,-0.9138370156288147,-0.018699228763580322,170.8741912841797
142,1.049006700515747,-1.0940543413162231,-0.045047640800476074,597.4090576171875
143,1.1041964292526245,-0.9092953205108643,0.19490110874176025,564.1874389648438
144,0.9541584849357605,-1.089381217956543,-0.13522273302078247,150.85751342773438
145,0.9989678859710693,-1.090460181236267,-0.09149229526519775,525.330078125
146,1.1576526165008545,-1.0851447582244873,0.07250785827636719,163.65008544921875
147,1.0420715808868408,-0.9031170010566711,0.13895457983016968,118.88098907470703
148,1.0276238918304443,-1.0956388711929321,-0.06801497936248779,985.1976318359375
149,1.1125099658966064,-1.1000064611434937,0.012503504753112793,590.5241088867188
150,0.928899884223938,-1.095076560974121,-0.1661766767501831,172.209228515625
151,0.878276526927948,-1.0950279235839844,-0.21675139665603638,988.0120849609375
152,0.9905352592468262,-0.9162455201148987,0.07428973913192749,164.64349365234375
153,1.0269933938980103,-1.0824201107025146,-0.055426716804504395,114.16268157958984
154,0.9974914789199829,-0.9207109808921814,0.07678049802780151,144.83221435546875
155,0.9877176284790039,-1.0951038599014282,-0.10738623142242432,134.4810028076172
156,1.0882384777069092,-0.903425395488739,0.18481308221817017,1016.5672607421875
157,0.9874836206436157,-1.1152451038360596,-0.12776148319244385,582.222900390625
158,0.8963901996612549,-1.1079010963439941,-0.21151089668273926,615.927490234375
159,1.0173850059509277,-0.9047448039054871,0.11264020204544067,171.0362091064453
160,1.0824222564697266,-0.8966916799545288,0.18573057651519775,131.2133331298828
161,1.0035083293914795,-1.1142125129699707,-0.11070418357849121,134.688720703125
162,1.0605709552764893,-0.9029969573020935,0.15757399797439575,917.3153076171875
163,0.9012688398361206,-1.1170910596847534,-0.2158222198486328,951.04638671875
164,0.9901905059814453,-0.9048765301704407,0.08531397581100464,142.9137725830078
165,1.0104811191558838,-1.1061259508132935,-0.09564483165740967,556.5064697265625
166,0.9709087610244751,-0.9012372493743896,0.06967151165008545,165.54617309570312
167,1.01947820186615,-0.9106703996658325,0.10880780220031738,132.08221435546875
168,0.878813624382019,-0.901311993598938,-0.022498369216918945,1247.9365234375
169,0.9649509191513062,-1.102959394454956,-0.1380084753036499,666.7000122070312
170,0.9750512838363647,-1.0925794839859009,-0.11752820014953613,165.15481567382812
171,1.036982536315918,-1.09740149974823,-0.06041896343231201,513.8099365234375
172,0.9857658743858337,-1.0912986993789673,-0.10553282499313354,151.54638671875
173,1.1603114604949951,-1.1023906469345093,0.05792081356048584,544.4029541015625
174,0.9442057013511658,-0.8911933302879333,0.05301237106323242,126.76179504394531
175,1.0200402736663818,-0.8994237780570984,0.12061649560928345,103.56758117675781
176,0.9895997047424316,-1.1256974935531616,-0.13609778881072998,129.23336791992188
177,1.0354976654052734,-1.11345374584198,-0.07795608043670654,131.98086547851562
178,1.068727970123291,-0.8680533766746521,0.20067459344863892,122.94975280761719
179,1.1410325765609741,-1.1226909160614014,0.018341660499572754,154.625244140625
180,0.8823459148406982,-0.8792201280593872,0.003125786781311035,580.3135986328125
181,0.9901637434959412,-1.1096091270446777,-0.11944538354873657,529.591552734375
182,1.1073927879333496,-1.1210174560546875,-0.01362466812133789,166.78704833984375
183,0.9562551379203796,-1.1225601434707642,-0.16630500555038452,179.2241973876953
184,0.9495347738265991,-1.1077710390090942,-0.15823626518249512,122.92622375488281
185,1.0764565467834473,-1.125052571296692,-0.04859602451324463,499.0401916503906
186,0.9710272550582886,-0.8861703872680664,0.08485686779022217,137.85638427734375
187,0.9958107471466064,-0.8918720483779907,0.10393869876861572,153.16407775878906
188,1.0981910228729248,-0.8978580236434937,0.20033299922943115,137.39166259765625
189,0.9713694453239441,-0.9019851684570312,0.06938427686691284,174.2418670654297
190,0.9264322519302368,-1.1091004610061646,-0.18266820907592773,125.19770812988281
191,1.0652951002120972,-0.9028777480125427,0.16241735219955444,168.90438842773438
192,1.0258195400238037,-0.8959363102912903,0.12988322973251343,507.6416320800781
193,0.9635242223739624,-1.1076340675354004,-0.144109845161438,526.6005859375
194,0.9574817419052124,-1.106691598892212,-0.1492098569869995,907.8162841796875
195,0.9478017091751099,-1.1164919137954712,-0.16869020462036133,116.992919921875
196,1.0185682773590088,-1.115972876548767,-0.0974045991897583,129.8943634033203
197,1.011110544204712,-0.884387731552124,0.1267228126525879,127.9691162109375
198,0.8497799634933472,-0.8838966488838196,-0.03411668539047241,890.3912353515625
199,1.065656065940857,-0.8665260076522827,0.19913005828857422,110.6238021850586
200,0.9631338119506836,-0.8653823137283325,0.09775149822235107,467.96063232421875
201,0.9995574951171875,-0.8649864196777344,0.13457107543945312,587.65087890625
202,1.1023701429367065,-1.1223214864730835,-0.019951343536376953,128.57650756835938
203,0.9250513315200806,-1.1267536878585815,-0.20170235633850098,956.8892822265625
204,1.0839546918869019,-1.1248104572296143,-0.0408557653427124,99.73199462890625
205,0.9632276296615601,-0.8804432153701782,0.08278441429138184,118.31588745117188
206,0.9242159724235535,-1.1078851222991943,-0.18366914987564087,665.4567260742188
207,0.8886634707450867,-0.8855522871017456,0.0031111836433410645,586.9085083007812
208,1.0614280700683594,-1.0920772552490234,-0.030649185180664062,495.7235412597656
209,1.1395107507705688,-1.1180980205535889,0.02141273021697998,84.94802856445312
210,0.8651939630508423,-1.0992043018341064,-0.23401033878326416,484.8138732910156
211,0.9972100257873535,-1.0953655242919922,-0.09815549850463867,887.8685302734375
212,1.0242266654968262,-1.0956357717514038,-0.07140910625457764,526.7896118164062
213,0.9265428781509399,-0.8864120841026306,0.040130794048309326,843.1793212890625
214,1.0259346961975098,-1.0892598628997803,-0.06332516670227051,118.42411041259766
215,1.123239278793335,-0.8963313698768616,0.2269079089164734,561.74658203125
216,1.008449673652649,-0.9029973149299622,0.10545235872268677,122.95814514160156
217,0.926673173904419,-1.0961647033691406,-0.16949152946472168,157.98406982421875
218,0.9553508758544922,-0.8819025754928589,0.0734483003616333,470.6227111816406
219,0.9272165298461914,-1.1132432222366333,-0.1860266923904419,139.9794464111328
220,1.0338000059127808,-1.0857844352722168,-0.051984429359436035,462.4072265625
221,0.980864405632019,-0.8947474360466003,0.0861169695854187,493.1107482910156
222,0.9913091063499451,-0.8939211368560791,0.09738796949386597,145.56689453125
223,1.0186593532562256,-1.0797737836837769,-0.06111443042755127,479.6379089355469
224,1.0472450256347656,-1.070294737815857,-0.02304971218109131,470.675048828125
225,0.8788046836853027,-0.8888535499572754,-0.010048866271972656,839.30712890625
226,1.0827243328094482,-1.0785069465637207,0.004217386245727539,910.2808837890625
227,0.878739058971405,-1.0939780473709106,-0.21523898839950562,130.39971923828125
228,1.0183403491973877,-1.0778316259384155,-0.05949127674102783,136.70028686523438
229,0.8066102266311646,-1.079639196395874,-0.2730289697647095,935.9472045898438
230,1.0010316371917725,-1.0909901857376099,-0.0899585485458374,468.71661376953125
231,0.8796706199645996,-0.8775668740272522,0.002103745937347412,450.22052001953125
232,1.0864429473876953,-1.0782015323638916,0.008241415023803711,412.0650634765625
233,0.9544915556907654,-0.8561466336250305,0.09834492206573486,135.303466796875
234,0.975531280040741,-1.0749403238296509,-0.09940904378890991,102.27142333984375
235,0.9693635702133179,-0.8741127252578735,0.09525084495544434,91.56805419921875
236,0.9231772422790527,-0.8706396818161011,0.05253756046295166,104.86013793945312
237,1.0439677238464355,-0.8591201901435852,0.18484753370285034,548.6585693359375
238,0.9269811511039734,-0.818098247051239,0.10888290405273438,458.1378173828125
239,0.8799834251403809,-1.1073724031448364,-0.22738897800445557,498.920654296875
240,0.9556840658187866,-0.8692629337310791,0.08642113208770752,154.8385772705078
241,1.186506748199463,-0.8242864608764648,0.36222028732299805,457.5572204589844
242,0.958134114742279,-0.860563337802887,0.09757077693939209,103.17736053466797
243,1.06699800491333,-1.076584815979004,-0.009586811065673828,83.10334777832031
244,1.022575855255127,-1.0657035112380981,-0.04312765598297119,421.95733642578125
245,0.9814874529838562,-1.0884647369384766,-0.10697728395462036,448.706298828125
246,1.0483791828155518,-0.8646459579467773,0.18373322486877441,453.7030944824219
247,0.9792451858520508,-1.0795520544052124,-0.10030686855316162,140.55270385742188
248,0.9953715801239014,-1.0816197395324707,-0.08624815940856934,114.43488311767578
249,0.9805288314819336,-1.100771188735962,-0.12024235725402832,743.3461303710938
250,0.9585697054862976,-1.106248140335083,-0.1476784348487854,416.7858581542969
251,0.8801276683807373,-1.104058861732483,-0.2239311933517456,188.67291259765625
252,0.9704771041870117,-1.1116434335708618,-0.1411663293838501,792.490478515625
253,0.9411211013793945,-1.0519715547561646,-0.11085045337677002,378.81756591796875
254,0.9958319664001465,-0.8526947498321533,0.14313721656799316,136.70069885253906
255,1.067807674407959,-1.1226911544799805,-0.054883480072021484,150.2601776123047
256,0.9257047176361084,-0.842190146446228,0.08351457118988037,127.63751983642578
257,1.0762169361114502,-1.0721220970153809,0.004094839096069336,101.06288146972656
258,0.9957661032676697,-0.7827078700065613,0.2130582332611084,450.54315185546875
259,1.0141308307647705,-1.1187751293182373,-0.1046442985534668,518.8970947265625
260,1.0842154026031494,-0.8150667548179626,0.26914864778518677,135.87335205078125
261,0.8455964922904968,-0.7909532189369202,0.05464327335357666,749.7083740234375
262,1.122772455215454,-1.0989993810653687,0.02377307415008545,477.7491149902344
263,1.0990689992904663,-1.088068962097168,0.01100003719329834,772.938232421875
264,1.0194690227508545,-0.8361713886260986,0.18329763412475586,163.03485107421875
265,0.9564288854598999,-0.8223513960838318,0.13407748937606812,135.95608520507812
266,0.9237483739852905,-0.8389079570770264,0.08484041690826416,423.184326171875
267,0.9523500204086304,-1.1189754009246826,-0.16662538051605225,1007.07666015625
268,1.0283046960830688,-1.1196870803833008,-0.09138238430023193,695.8619995117188
269,0.8855668902397156,-0.8384319543838501,0.04713493585586548,188.80825805664062
270,0.8973125219345093,-0.832468569278717,0.06484395265579224,537.8243408203125
271,1.1034654378890991,-1.088307499885559,0.015157938003540039,180.26040649414062
272,0.9719014167785645,-1.0911264419555664,-0.11922502517700195,228.96910095214844
273,0.9771096110343933,-0.8296293616294861,0.14748024940490723,122.22419738769531
274,1.0725953578948975,-1.117017388343811,-0.044422030448913574,106.22087097167969
275,1.0365159511566162,-1.061593770980835,-0.02507781982421875,85.7757568359375
276,1.0300579071044922,-0.812559187412262,0.21749871969223022,109.29680633544922
277,0.9916081428527832,-1.1207650899887085,-0.1291569471359253,134.0762939453125
278,1.071570634841919,-0.7980579733848572,0.27351266145706177,153.49945068359375
279,1.0402247905731201,-0.7564210891723633,0.28380370140075684,481.64111328125
280,0.863470733165741,-1.122304081916809,-0.2588333487510681,136.3708953857422
281,0.9784723520278931,-1.104146957397461,-0.12567460536956787,130.9173583984375
282,0.9328622817993164,-0.8212822675704956,0.1115800142288208,162.6566162109375
283,1.001140832901001,-1.093764305114746,-0.09262347221374512,394.9969482421875
284,0.8697861433029175,-1.085808515548706,-0.21602237224578857,782.2410278320312
285,1.1282691955566406,-0.8369428515434265,0.2913263440132141,144.47679138183594
286,0.9571083784103394,-0.8446691632270813,0.11243921518325806,105.73735046386719
287,0.995356023311615,-0.8517205119132996,0.14363551139831543,426.71624755859375
288,1.062496304512024,-0.8584314584732056,0.20406484603881836,674.9722900390625
289,0.8994237184524536,-0.8725465536117554,0.026877164840698242,154.55194091796875
290,0.9568096995353699,-0.8392435908317566,0.11756610870361328,166.00466918945312
291,1.032057523727417,-1.088807225227356,-0.056749701499938965,141.12176513671875
292,0.9539399147033691,-0.8622684478759766,0.09167146682739258,484.3536376953125
293,0.8531352877616882,-1.0859264135360718,-0.23279112577438354,354.8809814453125
294,1.081122636795044,-1.0793894529342651,0.0017331838607788086,174.75830078125
295,1.0207000970840454,-0.8467566967010498,0.1739434003829956,126.31713104248047
296,1.0739309787750244,-1.0764062404632568,-0.002475261688232422,116.48978424072266
297,0.9866557121276855,-0.8608814477920532,0.12577426433563232,87.14517211914062
298,0.8908122777938843,-0.8501125574111938,0.04069972038269043,533.0460205078125
299,1.014267921447754,-0.8470364809036255,0.16723144054412842,387.4607238769531
300,1.024772047996521,-1.0701384544372559,-0.04536640644073486,106.0714111328125
301,1.0076602697372437,-1.0906481742858887,-0.08298790454864502,102.91659545898438
302,0.9311579465866089,-0.8580778241157532,0.07308012247085571,96.328857421875
303,1.0161937475204468,-0.8731042146682739,0.14308953285217285,127.08413696289062
304,0.9510498046875,-0.8905847668647766,0.06046503782272339,501.1019592285156
305,0.9428803324699402,-1.055769443511963,-0.1128891110420227,507.85894775390625
306,0.9736266136169434,-1.068421721458435,-0.0947951078414917,157.0367889404297
307,0.9753507375717163,-0.8789702653884888,0.09638047218322754,415.16741943359375
308,1.0171703100204468,-0.8845013380050659,0.13266897201538086,124.01959228515625
309,0.953882098197937,-0.895243763923645,0.05863833427429199,358.23150634765625
310,0.9674481153488159,-1.0592758655548096,-0.09182775020599365,974.2161865234375
311,0.8563823699951172,-1.0640151500701904,-0.20763278007507324,140.5343017578125
312,0.988194465637207,-0.8867344260215759,0.1014600396156311,458.19097900390625
313,0.9277693629264832,-1.0693860054016113,-0.14161664247512817,106.00724792480469
314,1.042142629623413,-0.8659756183624268,0.17616701126098633,855.4096069335938
315,0.9370715618133545,-0.8806532621383667,0.05641829967498779,111.52809143066406
316,0.9269158244132996,-0.8630516529083252,0.06386417150497437,769.9248046875
317,1.051208257675171,-1.0397735834121704,0.011434674263000488,444.0935363769531
318,1.1395695209503174,-0.8631678819656372,0.2764016389846802,132.4204559326172
319,0.9297498464584351,-1.067901611328125,-0.13815176486968994,476.02325439453125
320,0.9435573816299438,-1.0690058469772339,-0.12544846534729004,379.32843017578125
321,1.0472897291183472,-1.0908012390136719,-0.04351150989532471,451.40997314453125
322,1.0530972480773926,-0.8706917762756348,0.1824054718017578,131.91094970703125
323,1.1922948360443115,-0.8593180179595947,0.3329768180847168,723.2210693359375
324,1.0509424209594727,-0.877118706703186,0.17382371425628662,812.0672607421875
325,1.0142207145690918,-1.0511401891708374,-0.036919474601745605,123.12336730957031
326,0.9170478582382202,-1.065638780593872,-0.14859092235565186,476.624267578125
327,1.0009765625,-0.833504855632782,0.16747170686721802,452.58953857421875
328,0.946866512298584,-0.8828049302101135,0.06406158208847046,99.54672241210938
329,1.0151923894882202,-1.0241450071334839,-0.008952617645263672,423.33819580078125
330,0.8299217224121094,-1.0639853477478027,-0.23406362533569336,88.46342468261719
331,0.9446365833282471,-0.8443042635917664,0.10033231973648071,99.10372924804688
332,1.1200637817382812,-0.8756687641143799,0.24439501762390137,415.501953125
333,1.0523364543914795,-0.8815199732780457,0.17081648111343384,436.2955627441406
334,0.9569751620292664,-1.069081425666809,-0.11210626363754272,449.50048828125
335,1.0699752569198608,-1.0705844163894653,-0.0006091594696044922,365.93731689453125
336,1.0745608806610107,-1.104832649230957,-0.03027176856994629,835.5374755859375
337,1.0013020038604736,-0.8774449229240417,0.12385708093643188,496.0428161621094
338,0.9029386043548584,-0.8596622347831726,0.04327636957168579,127.9169921875
339,1.0320717096328735,-1.0635738372802734,-0.0315021276473999,133.44186401367188
340,0.9207950830459595,-0.8644071221351624,0.05638796091079712,100.30487060546875
341,1.0750937461853027,-1.065842866897583,0.009250879287719727,123.30787658691406
342,1.012220859527588,-0.8564470410346985,0.1557738184928894,420.83685302734375
343,1.072756290435791,-0.8656793236732483,0.20707696676254272,434.56976318359375
344,0.9933798313140869,-1.090265154838562,-0.0968853235244751,472.66558837890625
345,0.9419583678245544,-1.096765398979187,-0.15480703115463257,118.55866241455078
346,1.0822147130966187,-0.8173301219940186,0.2648845911026001,94.72935485839844
347,1.0573515892028809,-1.084801435470581,-0.027449846267700195,349.0918884277344
348,1.0870680809020996,-1.1004548072814941,-0.013386726379394531,104.4813461303711
349,0.9485504031181335,-1.1042054891586304,-0.15565508604049683,743.1509399414062
350,1.0395760536193848,-1.0685957670211792,-0.029019713401794434,443.91302490234375
351,0.9884332418441772,-1.076675534248352,-0.0882422924041748,170.3942413330078
352,1.0689576864242554,-0.8432647585868835,0.22569292783737183,128.92144775390625
353,0.8667080402374268,-1.082087755203247,-0.2153797149658203,462.8381652832031
354,1.1643288135528564,-0.8804776668548584,0.28385114669799805,339.7317810058594
355,0.9234857559204102,-0.8643525838851929,0.059133172035217285,472.13079833984375
356,1.0057634115219116,-1.0924599170684814,-0.08669650554656982,99.8447265625
357,0.9537689685821533,-1.1201746463775635,-0.16640567779541016,156.32553100585938
358,0.9144594073295593,-1.1046061515808105,-0.19014674425125122,337.0227966308594
359,0.912137508392334,-1.1350265741348267,-0.22288906574249268,118.50933074951172
360,1.0258996486663818,-1.0880502462387085,-0.06215059757232666,100.63019561767578
361,1.1380999088287354,-1.1243919134140015,0.013707995414733887,453.1983947753906
362,0.9627871513366699,-1.119160532951355,-0.15637338161468506,429.8829345703125
363,0.9318865537643433,-1.1409639120101929,-0.2090773582458496,119.568115234375
364,0.8228897452354431,-0.8512952327728271,-0.028405487537384033,94.96106719970703
365,1.0162971019744873,-1.13727867603302,-0.12098157405853271,485.9359436035156
366,1.041405439376831,-0.8293275237083435,0.21207791566848755,496.8477783203125
367,1.030818223953247,-0.8541767001152039,0.1766415238380432,129.4959259033203
368,0.9573864936828613,-1.0984910726547241,-0.1411045789718628,73.76364135742188
369,0.9999606609344482,-0.8260026574134827,0.17395800352096558,104.34895324707031
370,1.0346323251724243,-1.1068240404129028,-0.07219171524047852,427.84307861328125
371,1.0620651245117188,-1.106916069984436,-0.044850945472717285,739.20068359375
372,0.9995664954185486,-1.12691068649292,-0.12734419107437134,748.761962890625
373,1.0322294235229492,-0.8546633124351501,0.17756611108779907,442.42791748046875
374,0.890851616859436,-0.8506354093551636,0.04021620750427246,84.39484405517578
375,0.9850003719329834,-1.1297948360443115,-0.14479446411132812,135.8243408203125
376,0.8797544240951538,-1.1423698663711548,-0.262615442276001,407.4940490722656
377,0.9918278455734253,-1.1424052715301514,-0.15057742595672607,96.06755828857422
378,1.015486717224121,-0.8451423048973083,0.17034441232681274,84.20425415039062
379,0.9436654448509216,-1.0908602476119995,-0.14719480276107788,701.437744140625
380,1.0093605518341064,-1.1029901504516602,-0.09362959861755371,409.80517578125
381,0.9260590076446533,-0.842313826084137,0.08374518156051636,719.4918212890625
382,1.0303553342819214,-0.8494335412979126,0.1809217929840088,814.4365234375
383,1.0477253198623657,-1.1104804277420044,-0.06275510787963867,136.3409423828125
384,0.9812514781951904,-1.1268012523651123,-0.14554977416992188,455.400634765625
385,0.9826218485832214,-0.8406574130058289,0.14196443557739258,117.10739135742188
386,0.9207383990287781,-0.8378686904907227,0.08286970853805542,93.8719482421875
387,0.8797241449356079,-0.8103170990943909,0.06940704584121704,96.900390625
388,1.0801371335983276,-0.8145398497581482,0.26559728384017944,445.028564453125
389,1.032233715057373,-0.8219332695007324,0.21030044555664062,87.05523681640625
390,0.9291757345199585,-0.8062778115272522,0.1228979229927063,82.70537567138672
391,1.0285072326660156,-1.1528055667877197,-0.1242983341217041,93.40919494628906
392,0.994320273399353,-0.8335840702056885,0.16073620319366455,87.04708862304688
393,1.030970811843872,-1.1440227031707764,-0.1130518913269043,105.28903198242188
394,1.0045397281646729,-0.8304489850997925,0.17409074306488037,147.77056884765625
395,0.971673846244812,-0.8256191611289978,0.1460546851158142,414.55731201171875
396,0.995079755783081,-1.1392649412155151,-0.14418518543243408,142.6021728515625
397,0.9936641454696655,-1.153726577758789,-0.16006243228912354,140.26983642578125
398,0.9645442366600037,-1.1518385410308838,-0.18729430437088013,327.0001220703125
399,0.9918226003646851,-1.144655466079712,-0.15283286571502686,729.5506591796875
400,0.9150339961051941,-0.8446394801139832,0.07039451599121094,680.7060546875
401,1.0996402502059937,-1.139793038368225,-0.040152788162231445,138.85723876953125
402,1.0218164920806885,-1.1350053548812866,-0.11318886280059814,107.28418731689453
403,0.9241163730621338,-1.1425085067749023,-0.21839213371276855,396.88983154296875
404,1.0033296346664429,-0.8559840321540833,0.14734560251235962,397.24627685546875
405,1.0442192554473877,-1.1302207708358765,-0.08600151538848877,118.56510925292969
406,0.9067296981811523,-1.1304634809494019,-0.2237337827682495,107.40339660644531
407,0.916665256023407,-0.8533206582069397,0.06334459781646729,68.96954345703125
408,0.9029507637023926,-1.1528663635253906,-0.24991559982299805,156.97720336914062
409,0.9800968170166016,-0.8359302878379822,0.14416652917861938,108.41177368164062
410,0.9881062507629395,-1.1456267833709717,-0.15752053260803223,86.5431900024414
411,0.9427077174186707,-1.1453447341918945,-0.20263701677322388,400.18017578125
412,0.9556910991668701,-1.1460151672363281,-0.190324068069458,88.13286590576172
413,0.9315851926803589,-0.8511110544204712,0.0804741382598877,75.15528869628906
414,1.1034773588180542,-1.1370710134506226,-0.03359365463256836,110.4259033203125
415,0.9451394081115723,-1.1437604427337646,-0.19862103462219238,400.6294250488281
416,0.9667572975158691,-0.8510593175888062,0.11569797992706299,447.217041015625
417,0.9449273347854614,-1.1354113817214966,-0.19048404693603516,80.53404235839844
418,0.976611316204071,-1.1410926580429077,-0.16448134183883667,470.5931396484375
419,0.8832032084465027,-0.8651466369628906,0.01805657148361206,109.54447937011719
420,1.0563507080078125,-0.8605128526687622,0.1958378553390503,106.27609252929688
421,1.0238139629364014,-0.8639703392982483,0.15984362363815308,85.99701690673828
422,1.0835175514221191,-0.8590105772018433,0.22450697422027588,444.5736389160156
423,1.0605896711349487,-0.8592451214790344,0.2013445496559143,77.71720886230469
424,1.0728343725204468,-1.1377809047698975,-0.06494653224945068,114.12189483642578
425,0.9807448387145996,-0.8692524433135986,0.11149239540100098,153.91140747070312
426,0.9109713435173035,-0.878951370716095,0.032019972801208496,789.1541748046875
427,0.913253664970398,-1.111025094985962,-0.19777143001556396,686.1683349609375
428,1.0262752771377563,-0.8949934244155884,0.13128185272216797,378.2955322265625
429,0.949339747428894,-0.8996976613998413,0.049642086029052734,77.99966430664062
430,1.0289161205291748,-1.0990525484085083,-0.0701364278793335,62.1685905456543
431,1.17051362991333,-0.9046095013618469,0.26590412855148315,109.8586654663086
432,0.957918643951416,-0.9104670882225037,0.047451555728912354,644.84033203125
433,0.9310029745101929,-0.9118456840515137,0.0191572904586792,706.5327758789062
434,0.9869345426559448,-1.0782443284988403,-0.09130978584289551,451.8627014160156
435,0.9265279769897461,-1.0879188776016235,-0.16139090061187744,121.16537475585938
436,1.0647081136703491,-1.090645432472229,-0.025937318801879883,668.2864990234375
437,0.9663820266723633,-1.0713026523590088,-0.10492062568664551,84.09233093261719
438,0.9760637283325195,-0.8967751264572144,0.07928860187530518,457.2845153808594
439,0.9790131449699402,-1.1010762453079224,-0.12206310033798218,111.99403381347656
440,1.0087811946868896,-1.1173951625823975,-0.10861396789550781,112.24075317382812
441,0.9518946409225464,-1.1094962358474731,-0.15760159492492676,441.39617919921875
442,0.9800431728363037,-0.8830359578132629,0.09700721502304077,709.75244140625
443,0.9987704753875732,-0.8872803449630737,0.11149013042449951,338.650146484375
444,0.9764261245727539,-0.8828317523002625,0.09359437227249146,343.4617919921875
445,0.9491745829582214,-0.8868119716644287,0.062362611293792725,117.86666870117188
446,0.977564811706543,-1.1053581237792969,-0.1277933120727539,87.7335205078125
447,0.9076850414276123,-1.1217511892318726,-0.21406614780426025,707.9679565429688
448,0.889106273651123,-0.8709715008735657,0.018134772777557373,124.59165954589844
449,0.9386000037193298,-1.11672842502594,-0.1781284213066101,653.3389892578125
450,1.0880857706069946,-1.1004927158355713,-0.01240694522857666,696.5682983398438
451,0.9474242925643921,-0.8830690383911133,0.06435525417327881,132.33578491210938
452,0.9550801515579224,-1.1247828006744385,-0.1697026491165161,100.77464294433594
453,0.9026840925216675,-1.1003307104110718,-0.1976466178894043,350.76123046875
454,0.9876005053520203,-1.1130579710006714,-0.12545746564865112,357.90155029296875
455,1.0315455198287964,-0.8783528804779053,0.1531926393508911,64.12065124511719
456,1.028733253479004,-1.0900213718414307,-0.06128811836242676,62.60685729980469
457,0.9055541753768921,-0.8781590461730957,0.027395129203796387,337.4371032714844
458,1.0085744857788086,-0.8747540712356567,0.13382041454315186,408.42926025390625
459,0.9226324558258057,-1.1153831481933594,-0.1927506923675537,121.75183868408203
460,1.014186143875122,-0.8863297700881958,0.12785637378692627,110.6476058959961
461,0.9853171706199646,-1.0833125114440918,-0.0979953408241272,783.7593994140625
462,0.8720933794975281,-1.0740301609039307,-0.2019367814064026,390.2341613769531
463,0.9263677597045898,-0.8858096599578857,0.0405580997467041,105.13468170166016
464,0.96183842420578,-1.1014314889907837,-0.13959306478500366,357.8006896972656
465,0.9576493501663208,-1.117224097251892,-0.1595747470855713,88.92927551269531
466,0.955039381980896,-1.0844002962112427,-0.12936091423034668,489.2436828613281
467,0.8663833141326904,-1.106089472770691,-0.2397061586380005,373.2042236328125
468,1.0597494840621948,-0.8924770951271057,0.1672723889350891,95.95367431640625
469,0.9378079771995544,-0.8976954221725464,0.04011255502700806,1619.385986328125
470,0.981898307800293,-0.905367374420166,0.07653093338012695,105.23130798339844
471,1.111112356185913,-1.082463026046753,0.028649330139160156,423.5193786621094
472,1.0099866390228271,-0.8964852690696716,0.11350136995315552,438.8470458984375
473,0.9892258048057556,-0.8997097015380859,0.08951610326766968,128.5435333251953
474,1.0407681465148926,-1.076761245727539,-0.035993099212646484,944.1195068359375
475,1.0177016258239746,-1.0667054653167725,-0.04900383949279785,119.9293441772461
476,0.9666354060173035,-1.0861461162567139,-0.1195107102394104,402.65869140625
477,0.9594310522079468,-0.9050016403198242,0.05442941188812256,532.9373168945312
478,0.9262029528617859,-0.9017440676689148,0.024458885192871094,114.85649108886719
479,0.9303991198539734,-1.0640194416046143,-0.13362032175064087,689.7493896484375
480,0.993928074836731,-1.094836711883545,-0.10090863704681396,366.1830749511719
481,0.9958726763725281,-1.0894012451171875,-0.09352856874465942,124.77645874023438
482,0.9421507716178894,-1.0798966884613037,-0.1377459168434143,371.40142822265625
483,0.9818762540817261,-1.0885967016220093,-0.1067204475402832,140.34295654296875
484,1.0780541896820068,-0.8921695947647095,0.18588459491729736,368.49786376953125
485,0.9644020795822144,-0.9023159146308899,0.06208616495132446,126.54896545410156
486,1.0038046836853027,-0.8897324800491333,0.11407220363616943,664.4901733398438
487,0.9676758050918579,-1.1012629270553589,-0.13358712196350098,366.20330810546875
488,0.9870009422302246,-1.1097795963287354,-0.12277865409851074,118.36251068115234
489,0.9538496732711792,-0.9018077254295349,0.05204194784164429,116.52095031738281
490,0.9853823184967041,-0.889644980430603,0.09573733806610107,84.63359832763672
491,0.95545494556427,-1.0678645372390747,-0.11240959167480469,105.42223358154297
492,0.9654864072799683,-0.9014257788658142,0.06406062841415405,442.01983642578125
493,1.094864845275879,-0.8991881012916565,0.1956767439842224,127.71285247802734
494,1.1343435049057007,-0.9068766832351685,0.22746682167053223,473.2545166015625
495,1.0377767086029053,-0.9044588804244995,0.13331782817840576,120.42887878417969
496,0.9925374388694763,-1.0727382898330688,-0.08020085096359253,368.66363525390625
497,1.0346853733062744,-1.081636905670166,-0.0469515323638916,945.6104125976562
498,1.0409488677978516,-0.904557466506958,0.13639140129089355,382.7007751464844
499,0.9862238168716431,-0.9294175505638123,0.05680626630783081,329.77886962890625
500,1.1051523685455322,-0.9275719523429871,0.17758041620254517,67.93473052978516
501,0.9979811906814575,-0.9278233051300049,0.07015788555145264,100.6788330078125
502,1.0051708221435547,-0.9105455875396729,0.09462523460388184,329.19989013671875
503,0.8984078764915466,-1.0723485946655273,-0.1739407181739807,188.2328338623047
504,0.9608153104782104,-1.0745476484298706,-0.11373233795166016,89.9010009765625
505,0.7945489883422852,-0.927348256111145,-0.13279926776885986,375.38812255859375
506,1.1206443309783936,-1.0276501178741455,0.09299421310424805,81.645263671875
507,1.0241363048553467,-1.0537002086639404,-0.02956390380859375,99.23680114746094
508,0.9933440089225769,-0.9181486964225769,0.0751953125,394.4171142578125
509,0.9525992274284363,-0.9193373918533325,0.03326183557510376,84.55766296386719
510,0.9117128252983093,-0.9207760691642761,-0.009063243865966797,355.8165283203125
511,1.0335968732833862,-1.0694221258163452,-0.035825252532958984,106.0889663696289
512,1.000962495803833,-0.9300345778465271,0.07092791795730591,675.4232177734375
513,0.8938691020011902,-0.9408274292945862,-0.046958327293395996,396.1629333496094
514,0.9683932065963745,-0.9437107443809509,0.024682462215423584,595.6076049804688
515,1.0139374732971191,-1.021738886833191,-0.007801413536071777,110.37382507324219
516,1.0819332599639893,-1.0156147480010986,0.06631851196289062,136.29441833496094
517,1.1278128623962402,-0.9554203152656555,0.17239254713058472,352.12652587890625
518,1.0270707607269287,-1.0171748399734497,0.009895920753479004,643.1875
519,0.9718337059020996,-1.0087511539459229,-0.03691744804382324,453.80828857421875
520,1.0001635551452637,-0.9568119645118713,0.043351590633392334,702.4522705078125
521,0.9381629228591919,-1.0314584970474243,-0.09329557418823242,114.5522232055664
522,0.9666504859924316,-0.9748868346214294,-0.008236348628997803,102.57858276367188
523,1.0729197263717651,-0.9464293122291565,0.12649041414260864,396.531982421875
524,0.912567138671875,-1.0565056800842285,-0.14393854141235352,121.21756744384766
525,1.0410356521606445,-0.9207455515861511,0.12029010057449341,120.55009460449219
526,1.019136667251587,-1.0384812355041504,-0.019344568252563477,1074.578857421875
527,1.194917917251587,-1.0552818775177002,0.13963603973388672,124.80304718017578
528,0.9925315380096436,-1.059468388557434,-0.06693685054779053,665.1115112304688
529,0.9365250468254089,-1.0617681741714478,-0.12524312734603882,114.0789794921875
530,0.8746110796928406,-1.0565648078918457,-0.18195372819900513,87.39999389648438
531,0.8785964846611023,-0.9557427763938904,-0.07714629173278809,747.0042724609375
532,0.886093020439148,-1.0175597667694092,-0.13146674633026123,101.18710327148438
533,0.9790064692497253,-1.0109851360321045,-0.03197866678237915,113.54367065429688
534,0.95916748046875,-1.0439115762710571,-0.08474409580230713,376.50628662109375
535,1.0039384365081787,-0.9912718534469604,0.012666583061218262,99.62312316894531
536,1.025107741355896,-1.0044865608215332,0.020621180534362793,441.6968994140625
537,0.8910927772521973,-0.9871835112571716,-0.09609073400497437,321.76727294921875
538,1.0052368640899658,-0.9796760678291321,0.02556079626083374,79.91937255859375
539,0.9258208274841309,-0.9968898892402649,-0.07106906175613403,112.35588073730469
540,0.9867066144943237,-0.9749466180801392,0.01175999641418457,444.61871337890625
541,0.957976222038269,-1.0008689165115356,-0.0428926944732666,350.5678405761719
542,0.973641574382782,-0.9971345067024231,-0.023492932319641113,109.59278869628906
543,1.0458056926727295,-1.0266214609146118,0.019184231758117676,131.42453002929688
544,1.0100679397583008,-0.9940724968910217,0.015995442867279053,684.0767211914062
545,1.095292568206787,-0.9955466985702515,0.09974586963653564,102.2227783203125
546,1.083570122718811,-1.0022833347320557,0.08128678798675537,100.08180236816406
547,1.0473289489746094,-1.0270293951034546,0.020299553871154785,134.1768035888672
548,0.9670493602752686,-0.994082510471344,-0.02703315019607544,336.3016357421875
549,0.9441965818405151,-0.9686833024024963,-0.0244867205619812,118.56291961669922
550,0.9352681040763855,-1.041677474975586,-0.10640937089920044,144.0870361328125
551,1.0217434167861938,-0.9685500264167786,0.05319339036941528,93.23983764648438
552,0.9336510896682739,-0.9852820038795471,-0.05163091421127319,372.1950378417969
553,0.9903496503829956,-1.0148860216140747,-0.0245363712310791,75.2095718383789
554,0.9697889089584351,-0.9677005410194397,0.0020883679389953613,93.75994873046875
555,0.9878671169281006,-0.9626157879829407,0.025251328945159912,92.60385131835938
556,0.9897319674491882,-1.0281237363815308,-0.03839176893234253,347.9688720703125
557,1.0062026977539062,-1.058658480644226,-0.052455782890319824,136.4572296142578
558,0.9674748182296753,-0.9561058282852173,0.011368989944458008,119.10650634765625
559,0.8929848670959473,-0.9681218862533569,-0.07513701915740967,71.24798583984375
560,1.0790067911148071,-0.9501228332519531,0.128883957862854,146.51773071289062
561,1.0495456457138062,-1.0723750591278076,-0.022829413414001465,373.60125732421875
562,0.9080318808555603,-1.0634820461273193,-0.15545016527175903,90.34230041503906
563,1.0867185592651367,-0.9516447186470032,0.13507384061813354,99.649169921875
564,0.9688367247581482,-1.0397465229034424,-0.07090979814529419,81.11271667480469
565,1.0066577196121216,-1.0122116804122925,-0.0055539608001708984,374.00970458984375
566,0.8755589723587036,-1.0152193307876587,-0.13966035842895508,367.2320556640625
567,0.9610506296157837,-1.0238100290298462,-0.0627593994140625,125.97966003417969
568,0.9561077952384949,-0.9896539449691772,-0.03354614973068237,374.426513671875
569,1.0167300701141357,-1.0331478118896484,-0.016417741775512695,114.50276947021484
570,1.0531129837036133,-1.0010632276535034,0.05204975605010986,109.802734375
571,1.062263011932373,-1.0288842916488647,0.0333787202835083,84.36865234375
572,0.9182383418083191,-0.9508987665176392,-0.03266042470932007,74.10663604736328
573,1.0243546962738037,-0.9996674656867981,0.024687230587005615,105.94681549072266
574,0.9376804828643799,-1.0050015449523926,-0.0673210620880127,97.03602600097656
575,1.075785517692566,-0.9742183089256287,0.10156720876693726,725.5143432617188
576,0.8642563819885254,-0.9677233695983887,-0.10346698760986328,94.67939758300781
577,1.1638648509979248,-1.0243808031082153,0.13948404788970947,342.90411376953125
578,0.9222629070281982,-1.0006769895553589,-0.07841408252716064,437.0740966796875
579,1.0312209129333496,-1.022456407546997,0.008764505386352539,509.24481201171875
580,1.1820526123046875,-0.9842702746391296,0.19778233766555786,82.79647827148438
581,0.9567219614982605,-0.9587897658348083,-0.0020678043365478516,99.95771026611328
582,0.9261206984519958,-0.9783565402030945,-0.05223584175109863,866.984130859375
583,0.9986144304275513,-0.9718472957611084,0.02676713466644287,138.6508331298828
584,0.9581779837608337,-1.0241252183914185,-0.06594723463058472,410.0787048339844
585,0.9095704555511475,-0.9537049531936646,-0.04413449764251709,132.20895385742188
586,1.1508903503417969,-1.0780699253082275,0.07282042503356934,140.91366577148438
587,0.9589227437973022,-1.0692631006240845,-0.11034035682678223,753.610595703125
588,0.8396732211112976,-0.9664586782455444,-0.12678545713424683,110.5008316040039
589,1.0021634101867676,-0.9132678508758545,0.08889555931091309,71.28077697753906
590,1.0264925956726074,-1.0691441297531128,-0.04265153408050537,101.77890014648438
591,1.0322186946868896,-1.0784122943878174,-0.046193599700927734,81.25101470947266
592,0.953073263168335,-1.164493441581726,-0.2114201784133911,757.38037109375
593,0.9751968383789062,-1.0821774005889893,-0.10698056221008301,778.8291015625
594,0.9737061262130737,-1.102577805519104,-0.12887167930603027,105.4133529663086
595,1.0521595478057861,-1.136643886566162,-0.08448433876037598,459.73284912109375
596,0.9697243571281433,-0.8732328414916992,0.09649151563644409,114.78814697265625
597,0.9753789901733398,-1.1184779405593872,-0.14309895038604736,1013.3099365234375
598,0.9049627184867859,-1.1207334995269775,-0.21577078104019165,77.6170654296875
599,1.0212452411651611,-0.9202509522438049,0.1009942889213562,384.36236572265625
600,1.0525615215301514,-0.9125372171401978,0.1400243043899536,106.36321258544922
601,1.014376163482666,-0.8658980131149292,0.14847815036773682,81.66051483154297
602,1.0046991109848022,-1.1003581285476685,-0.09565901756286621,104.11255645751953
603,1.002727746963501,-1.0583559274673462,-0.055628180503845215,415.7121276855469
604,0.9265607595443726,-0.9526479244232178,-0.026087164878845215,386.2626953125
605,0.9938885569572449,-1.0404788255691528,-0.04659026861190796,339.04400634765625
606,1.0234451293945312,-1.0058103799819946,0.01763474941253662,107.201416015625
607,0.9424582719802856,-1.0234990119934082,-0.08104074001312256,112.35333251953125
608,1.0634007453918457,-1.0024189949035645,0.06098175048828125,96.5262451171875
609,0.9526904821395874,-1.0349582433700562,-0.08226776123046875,82.41510009765625
610,1.013477087020874,-0.989513635635376,0.023963451385498047,118.89508056640625
611,0.8831472396850586,-1.025763988494873,-0.14261674880981445,763.401123046875
612,1.1393101215362549,-0.9361994862556458,0.20311063528060913,1395.7357177734375
613,1.0628941059112549,-0.9449929594993591,0.11790114641189575,405.5775146484375
614,0.9643385410308838,-0.965407133102417,-0.0010685920715332031,381.866943359375
615,1.0518078804016113,-1.0642573833465576,-0.012449502944946289,582.3572998046875
616,1.035024881362915,-1.0896490812301636,-0.054624199867248535,440.2919921875
617,1.0650361776351929,-1.0611610412597656,0.003875136375427246,850.8643798828125
618,0.9360047578811646,-0.9706231951713562,-0.03461843729019165,427.68438720703125
619,0.9156451225280762,-1.0590689182281494,-0.14342379570007324,652.3682861328125
620,0.9767958521842957,-0.9313053488731384,0.04549050331115723,450.7484130859375
621,0.9935974478721619,-0.9369903206825256,0.05660712718963623,168.9659881591797
622,0.9689862132072449,-0.9421305656433105,0.026855647563934326,234.35520935058594
623,1.0779260396957397,-0.8637090921401978,0.214216947555542,186.56503295898438
624,0.9718142747879028,-1.1341732740402222,-0.16235899925231934,156.77810668945312
625,1.0189828872680664,-0.8137741088867188,0.20520877838134766,903.720947265625
626,1.0031521320343018,-1.1541476249694824,-0.15099549293518066,146.0168914794922
627,1.0109940767288208,-1.1073261499404907,-0.09633207321166992,383.67236328125
628,0.976065993309021,-0.8598434925079346,0.11622250080108643,482.52911376953125
629,0.9990876913070679,-0.8406637907028198,0.15842390060424805,608.8052978515625
630,1.0818307399749756,-0.8239951133728027,0.25783562660217285,94.35812377929688
631,1.0421721935272217,-1.0318797826766968,0.010292410850524902,99.18142700195312
632,1.0578993558883667,-0.9621587991714478,0.09574055671691895,408.12506103515625
633,1.0592700242996216,-0.9196508526802063,0.13961917161941528,76.98336791992188
634,0.8740675449371338,-0.9004979133605957,-0.026430368423461914,773.1243896484375
635,1.0957305431365967,-0.9901438355445862,0.1055867075920105,121.25502014160156
636,1.1034789085388184,-0.9880492687225342,0.11542963981628418,101.23857879638672
637,0.9866559505462646,-0.9979853630065918,-0.011329412460327148,81.4052963256836
638,1.0289945602416992,-0.8928004503250122,0.136194109916687,349.9407958984375
639,1.0384578704833984,-1.006693959236145,0.03176391124725342,514.5048217773438
640,0.9383754134178162,-1.00749933719635,-0.06912392377853394,115.5223388671875
641,0.983580470085144,-1.048901915550232,-0.06532144546508789,97.3313217163086
642,0.9838058948516846,-0.9846653342247009,-0.0008594393730163574,76.2902603149414
643,0.9490585327148438,-1.0253463983535767,-0.07628786563873291,400.22503662109375
644,1.0239619016647339,-0.8332045078277588,0.1907573938369751,410.4561767578125
645,0.9170896410942078,-1.0045316219329834,-0.08744198083877563,684.9068603515625
646,0.9534146189689636,-1.02090322971344,-0.06748861074447632,66.66767883300781
647,1.118351936340332,-0.9274062514305115,0.19094568490982056,98.9635009765625
648,1.0052976608276367,-0.8696969747543335,0.13560068607330322,754.7274169921875
649,0.9476897716522217,-0.8883221745491028,0.059367597103118896,109.7278823852539
650,1.117740273475647,-0.777002215385437,0.34073805809020996,89.462890625
651,0.8993006944656372,-1.173171877861023,-0.27387118339538574,122.74212646484375
652,1.0566039085388184,-0.7710369825363159,0.28556692600250244,121.81092834472656
653,1.0341490507125854,-1.2988362312316895,-0.264687180519104,356.0927734375
654,1.1255338191986084,-1.1307613849639893,-0.005227565765380859,368.2183532714844
655,0.9709466695785522,-0.8082946538925171,0.16265201568603516,854.797607421875
656,0.9755575060844421,-0.7696457505226135,0.2059117555618286,378.0425720214844
657,0.9761500358581543,-1.2060787677764893,-0.22992873191833496,68.35404968261719
658,0.9508177638053894,-1.2048084735870361,-0.25399070978164673,353.029296875
659,1.1138534545898438,-0.8067684769630432,0.30708497762680054,94.1780014038086
660,0.9612573385238647,-0.7692577838897705,0.19199955463409424,109.55211639404297
661,0.8895726203918457,-1.304216980934143,-0.41464436054229736,98.86778259277344
662,1.0653356313705444,-1.2601850032806396,-0.19484937191009521,97.84077453613281
663,0.9676790237426758,-0.6349371671676636,0.3327418565750122,547.7237548828125
664,1.050410509109497,-0.740007221698761,0.3104032874107361,363.06640625
665,0.984990119934082,-1.2322314977645874,-0.24724137783050537,338.7867736816406
666,1.0194557905197144,-1.3016639947891235,-0.2822082042694092,449.9543762207031
667,1.0686017274856567,-0.7280558347702026,0.3405458927154541,97.77139282226562
668,1.1334298849105835,-1.2105039358139038,-0.07707405090332031,618.1598510742188
669,0.9818639755249023,-0.7412737011909485,0.24059027433395386,129.93350219726562
670,0.9593567848205566,-0.7174182534217834,0.2419385313987732,437.0186767578125
671,0.9653906226158142,-0.6768881678581238,0.28850245475769043,405.7384338378906
672,0.920320451259613,-1.155442476272583,-0.23512202501296997,100.94027709960938
673,0.9429759979248047,-1.044747233390808,-0.10177123546600342,107.82734680175781
674,0.9376053810119629,-0.5371050238609314,0.4005003571510315,627.379150390625
675,1.0860800743103027,-1.0797953605651855,0.0062847137451171875,393.5122375488281
676,1.0099152326583862,-0.5346425175666809,0.4752727150917053,414.26171875
677,0.9789220690727234,-1.0103782415390015,-0.031456172466278076,326.5064697265625
678,1.1316463947296143,-0.8680276870727539,0.26361870765686035,86.52457427978516
679,1.0693244934082031,-0.4397273063659668,0.6295971870422363,349.21673583984375
680,1.086724877357483,-0.3189128041267395,0.7678120732307434,81.43206787109375
681,1.0043938159942627,-0.2837543487548828,0.7206394672393799,96.79326629638672
682,0.9955476522445679,-0.8312785625457764,0.1642690896987915,107.70577239990234
683,0.8957575559616089,-0.42690563201904297,0.4688519239425659,91.97618865966797
684,0.993839681148529,-0.7192785739898682,0.2745611071586609,387.4460754394531
685,0.8696659803390503,-0.6963508725166321,0.1733151078224182,417.841064453125
686,0.9465681910514832,-0.43968889117240906,0.5068793296813965,108.46904754638672
687,1.023151159286499,-0.768011748790741,0.25513941049575806,1151.555419921875
688,1.0881407260894775,-0.5680269598960876,0.5201137661933899,92.22470092773438
689,1.2525891065597534,-0.5591549277305603,0.6934341788291931,288.280517578125
690,1.0535651445388794,-0.6293938755989075,0.4241712689399719,89.8026351928711
691,1.0961412191390991,-0.7445812225341797,0.35155999660491943,152.43077087402344
692,0.8996238708496094,-0.8869418501853943,0.012682020664215088,97.01687622070312
693,1.0339735746383667,-0.3680039346218109,0.6659696102142334,90.16041564941406
694,0.8892208337783813,-0.14272110164165497,0.7464997172355652,112.38408660888672
695,1.006762981414795,-0.028114888817071915,0.9786480665206909,119.96735382080078
696,1.0423940420150757,-0.3888363838195801,0.6535576581954956,114.49681091308594
697,1.1114705801010132,-0.4401957094669342,0.6712749004364014,73.19181823730469
698,1.0461146831512451,0.09453623741865158,1.1406508684158325,752.896240234375
699,1.0036638975143433,-0.5091136693954468,0.4945502281188965,97.06224060058594
700,1.1889457702636719,-0.18016782402992249,1.0087779760360718,699.1253662109375
701,1.0192668437957764,-0.6617609858512878,0.3575058579444885,72.39642333984375
702,1.0753841400146484,0.039148956537246704,1.1145330667495728,85.49234008789062
703,1.0930683612823486,-0.09526927769184113,0.9977990984916687,95.60023498535156
704,0.9951237440109253,-0.3152257800102234,0.6798979640007019,108.69097137451172
705,0.9750064611434937,-0.4641282558441162,0.5108782052993774,78.84210205078125
706,1.1006770133972168,-0.31818661093711853,0.7824903726577759,121.04533386230469
707,0.9589362144470215,-0.29644104838371277,0.6624951362609863,375.2092590332031
708,0.9302964210510254,-0.28615331649780273,0.6441431045532227,379.03387451171875
709,0.95648592710495,-0.5917180776596069,0.364767849445343,419.86431884765625
710,1.1252996921539307,0.0070680053904652596,1.132367730140686,759.5301513671875
711,0.9548755884170532,-0.6421855092048645,0.3126900792121887,63.09755325317383
712,1.0010576248168945,-0.3752542734146118,0.6258033514022827,99.98662567138672
713,0.9943369626998901,-0.7557531595230103,0.23858380317687988,454.2745361328125
714,1.0165945291519165,-0.648715078830719,0.3678794503211975,102.10690307617188
715,1.0851635932922363,-0.44749143719673157,0.6376721858978271,86.40180969238281
716,1.0173460245132446,-0.651799738407135,0.3655462861061096,69.52145385742188
717,0.9599636793136597,-0.8575788736343384,0.10238480567932129,66.05753326416016
718,1.164595127105713,-0.38594508171081543,0.7786500453948975,348.81201171875
719,1.0778028964996338,-0.2648370862007141,0.8129658102989197,105.63015747070312
720,0.9940895438194275,0.11953367292881012,1.1136232614517212,694.5965576171875
721,1.0431880950927734,0.07330362498760223,1.116491675376892,73.06973266601562
722,0.9812784194946289,-0.5211262702941895,0.46015214920043945,103.2536849975586
723,0.9320928454399109,-0.11732856184244156,0.8147642612457275,99.19136047363281
724,1.0736056566238403,-0.05972690507769585,1.0138787031173706,114.45960998535156
725,0.9645339250564575,-0.5760765075683594,0.38845741748809814,76.65763092041016
726,0.9053640365600586,-0.7924279570579529,0.11293607950210571,300.597900390625
727,0.8575780391693115,-0.7001775503158569,0.1574004888534546,391.24700927734375
728,1.0468896627426147,-0.5398658514022827,0.507023811340332,610.3822021484375
729,0.9910065531730652,-0.4180554747581482,0.572951078414917,1006.1091918945312
730,1.11141836643219,-0.773886501789093,0.3375318646430969,126.78838348388672
731,0.933308482170105,-0.9439164400100708,-0.01060795783996582,324.5177001953125
732,0.9852344989776611,-0.675676167011261,0.30955833196640015,401.1629943847656
733,1.0256977081298828,-0.7615031599998474,0.2641945481300354,615.8151245117188
734,1.0009095668792725,-0.5627731680870056,0.43813639879226685,106.286376953125
735,1.0795867443084717,-0.8410723805427551,0.23851436376571655,351.62164306640625
736,0.9106969237327576,-0.4953147768974304,0.41538214683532715,119.70802307128906
737,1.0403887033462524,-0.6869286298751831,0.35346007347106934,103.25154876708984
738,0.8352400660514832,-0.3168034553527832,0.5184366106987,102.28732299804688
739,1.1665077209472656,-0.5545516610145569,0.6119560599327087,69.6082534790039
740,1.0787116289138794,-0.2506367862224579,0.8280748128890991,87.37079620361328
741,0.9497804045677185,-0.2428751438856125,0.7069052457809448,88.26322174072266
742,0.9846672415733337,-0.42554572224617004,0.5591214895248413,122.94879150390625
743,1.1311254501342773,0.22893334925174713,1.3600587844848633,783.06201171875
744,1.013704776763916,-0.6344444751739502,0.3792603015899658,92.53700256347656
745,1.0606341361999512,-0.1868477463722229,0.8737863898277283,464.96337890625
746,1.0282092094421387,-0.02145073004066944,1.006758451461792,356.177490234375
747,1.1665147542953491,-0.18209631741046906,0.9844184517860413,675.757080078125
748,1.05556321144104,-0.5495427846908569,0.5060204267501831,95.4051513671875
749,0.9961446523666382,-0.16337697207927704,0.8327676653862,92.87059020996094
750,1.090925931930542,-0.1731557995080948,0.9177701473236084,611.3336791992188
751,0.9529783129692078,-0.06457924097776413,0.888399064540863,91.89556884765625
752,0.9516426920890808,-0.5553948879241943,0.3962478041648865,403.00030517578125
753,1.0719163417816162,0.027402173727750778,1.099318504333496,157.8603515625
754,1.0772240161895752,-0.0836092159152031,0.9936147928237915,122.89888000488281
755,1.002875566482544,-0.18539635837078094,0.8174791932106018,96.85353088378906
756,1.1682484149932861,-0.0756368413567543,1.09261155128479,328.752197265625
757,1.0634160041809082,0.17355865240097046,1.2369747161865234,415.13214111328125
758,1.0324352979660034,0.16662588715553284,1.1990611553192139,102.60328674316406
759,0.9433159232139587,0.2809569537639618,1.2242728471755981,86.88040161132812
760,0.9060819149017334,0.18038302659988403,1.0864648818969727,119.93034362792969
761,0.8933535814285278,0.4962954521179199,1.3896490335464478,339.088134765625
762,0.9769134521484375,0.05166446417570114,1.0285779237747192,392.34796142578125
763,0.9744043350219727,0.4299194812774658,1.4043238162994385,77.1561508178711
764,0.9014661312103271,0.2454366832971573,1.1469027996063232,383.9336853027344
765,1.0523747205734253,0.18858866393566132,1.240963339805603,302.95068359375
766,1.0602495670318604,0.5568357706069946,1.617085337638855,130.32980346679688
767,0.9348570108413696,0.4402652382850647,1.375122308731079,366.4635009765625
768,0.8830733299255371,0.29754552245140076,1.1806188821792603,130.1233367919922
769,1.0002912282943726,0.04240114986896515,1.0426924228668213,99.52969360351562
770,1.0222218036651611,0.4369916319847107,1.4592134952545166,102.4869384765625
771,1.185900092124939,0.29284432530403137,1.478744387626648,108.96366882324219
772,1.0420931577682495,0.32273709774017334,1.3648302555084229,83.37513732910156
773,0.8823450803756714,0.25675636529922485,1.139101505279541,110.40696716308594
774,0.991034209728241,-0.08837778866291046,0.9026564359664917,72.62161254882812
775,0.9344462156295776,0.02411317639052868,0.9585593938827515,80.65960693359375
776,0.9534031748771667,0.24029715359210968,1.1937003135681152,444.12872314453125
777,0.9586426615715027,0.1022804006934166,1.0609230995178223,71.3256607055664
778,1.0299452543258667,-0.06648534536361694,0.9634599089622498,425.22186279296875
779,1.0116000175476074,0.05424296855926514,1.0658429861068726,156.24896240234375
780,0.9739120006561279,-0.02239295467734337,0.9515190720558167,106.52232360839844
781,0.9357867240905762,-0.01782498136162758,0.9179617166519165,106.31436157226562
782,1.0458745956420898,0.04771636798977852,1.0935909748077393,409.003662109375
783,1.08109450340271,0.08121980726718903,1.1623142957687378,652.3250732421875
784,0.9336788058280945,-0.09853982925415039,0.8351389765739441,92.09956359863281
785,1.0911458730697632,0.038896746933460236,1.1300426721572876,370.694580078125
786,1.0819206237792969,-0.13904887437820435,0.9428717494010925,68.36161804199219
787,0.9316145181655884,-0.2047138214111328,0.7269006967544556,101.05361938476562
788,1.0023832321166992,0.11488600075244904,1.1172692775726318,369.580810546875
789,1.196303129196167,0.07575783133506775,1.2720609903335571,96.76901245117188
790,1.0049171447753906,0.5216522812843323,1.5265693664550781,109.53289794921875
791,0.9545903205871582,0.19111046195030212,1.1457008123397827,93.1998519897461
792,1.0206193923950195,0.5531715154647827,1.5737909078598022,100.95538330078125
793,1.0075962543487549,0.304625004529953,1.3122212886810303,92.04578399658203
794,1.0401618480682373,0.34167343378067017,1.3818352222442627,130.3809814453125
795,1.1028419733047485,0.19231058657169342,1.2951525449752808,74.44158172607422
796,1.030821681022644,-0.0063770851120352745,1.024444580078125,97.82880401611328
797,1.013413906097412,0.1480758786201477,1.161489725112915,51.73876190185547
798,0.9012480974197388,0.1511862426996231,1.0524343252182007,84.39457702636719
799,1.0179815292358398,0.44743502140045166,1.4654165506362915,400.8829345703125
800,0.9043381214141846,0.18631544709205627,1.0906535387039185,747.670654296875
801,1.0033483505249023,0.41761037707328796,1.4209587574005127,396.6971435546875
802,0.985520601272583,0.36531808972358704,1.3508386611938477,72.42233276367188
803,0.9963064193725586,0.05157570540904999,1.047882080078125,450.71160888671875
804,0.9407643675804138,0.11697621643543243,1.057740569114685,67.30642700195312
805,1.0047296285629272,0.6996638774871826,1.7043935060501099,389.85107421875
806,0.9944528341293335,0.5490989685058594,1.5435518026351929,59.51101303100586
807,1.0099921226501465,0.20423685014247894,1.2142289876937866,358.9334716796875
808,1.0876835584640503,0.22295065224170685,1.3106342554092407,80.32369995117188
809,0.9135721921920776,0.22334596514701843,1.1369181871414185,388.4350280761719
810,1.0348544120788574,0.3357459306716919,1.3706003427505493,377.5120544433594
811,0.9709949493408203,0.45853182673454285,1.4295268058776855,406.56298828125
812,0.7700966596603394,0.19754643738269806,0.9676430821418762,95.77391815185547
813,0.9273893237113953,0.2580893337726593,1.185478687286377,92.46564483642578
814,0.880194902420044,0.6076791286468506,1.4878740310668945,130.28494262695312
815,0.9255545139312744,0.5145478844642639,1.4401023387908936,403.2276306152344
816,0.9535207152366638,0.40267106890678406,1.3561917543411255,333.3387451171875
817,1.0674571990966797,0.5166634917259216,1.584120750427246,362.7900390625
818,0.917746901512146,0.2680198848247528,1.1857668161392212,409.76153564453125
819,1.0051095485687256,0.7934238910675049,1.7985334396362305,102.2174072265625
820,0.9430907964706421,0.39850282669067383,1.341593623161316,76.41966247558594
821,1.0993483066558838,0.26071062684059143,1.3600589036941528,105.01365661621094
822,0.9265178442001343,0.7459268569946289,1.6724447011947632,114.60780334472656
823,1.1254758834838867,0.35355937480926514,1.4790352582931519,984.25
824,1.0854697227478027,0.5693155527114868,1.6547852754592896,105.33135986328125
825,0.9414681196212769,0.4555542469024658,1.3970223665237427,82.69155883789062
826,0.8990005850791931,0.9890592694282532,1.8880598545074463,695.48583984375
827,1.0146312713623047,1.1159809827804565,2.130612373352051,440.513916015625
828,0.9797829389572144,0.8062732219696045,1.7860561609268188,70.66095733642578
829,1.1093785762786865,0.853299081325531,1.9626777172088623,106.8895263671875
830,0.9463669061660767,0.49751201272010803,1.4438788890838623,417.4345397949219
831,1.0252225399017334,0.47406312823295593,1.4992856979370117,101.58757019042969
832,1.0668572187423706,0.38685888051986694,1.4537160396575928,79.89781951904297
833,0.8697352409362793,0.46690332889556885,1.3366385698318481,332.11944580078125
834,0.9857203364372253,0.9577510952949524,1.9434714317321777,556.8301391601562
835,0.9040426015853882,0.9360958933830261,1.8401384353637695,114.61117553710938
836,1.0264309644699097,1.0818920135498047,2.108323097229004,97.52513122558594
837,1.122509241104126,0.7451876401901245,1.8676968812942505,66.68738555908203
838,1.1126153469085693,0.5965294241905212,1.7091448307037354,112.00159454345703
839,0.8622339963912964,0.5832226872444153,1.4454567432403564,81.60592651367188
840,0.8046417236328125,1.1309614181518555,1.935603141784668,85.44656372070312
841,1.0904648303985596,1.028684139251709,2.1191489696502686,96.3302001953125
842,0.8982915878295898,1.0692858695983887,1.9675774574279785,419.4836120605469
843,1.0623664855957031,1.011677622795105,2.0740442276000977,413.0457763671875
844,1.1070637702941895,0.49855440855026245,1.6056182384490967,393.451416015625
845,1.0932843685150146,1.0594450235366821,2.1527295112609863,95.7162857055664
846,0.9223724603652954,1.1385514736175537,2.0609240531921387,408.40374755859375
847,0.8689024448394775,0.8521069288253784,1.721009373664856,628.852294921875
848,1.0474233627319336,0.9943628311157227,2.0417861938476562,398.0827331542969
849,1.0100430250167847,0.8591565489768982,1.869199514389038,111.42534637451172
850,0.859028697013855,0.5600066184997559,1.4190353155136108,117.33489990234375
851,0.9143540263175964,0.7010308504104614,1.615384817123413,121.83882904052734
852,0.9725856781005859,0.832664966583252,1.805250644683838,128.18795776367188
853,1.016093134880066,0.47178107500076294,1.4878742694854736,129.69203186035156
854,0.9866647720336914,0.5202966332435608,1.5069613456726074,667.556640625
855,1.0162748098373413,0.4758353531360626,1.4921101331710815,681.9326782226562
856,1.0103363990783691,1.0400868654251099,2.0504231452941895,99.31344604492188
857,1.0137529373168945,0.49709317088127136,1.5108461380004883,372.7808532714844
858,0.9753474593162537,0.9274364113807678,1.9027838706970215,67.1131591796875
859,0.9786992073059082,1.0393534898757935,2.018052577972412,628.8182983398438
860,1.0134360790252686,0.6633625626564026,1.6767985820770264,440.51361083984375
861,0.8792604207992554,1.0512030124664307,1.930463433265686,392.743896484375
862,1.0076571702957153,0.7409336566925049,1.7485908269882202,83.00753021240234
863,0.9393048286437988,0.9299551844596863,1.8692600727081299,547.2564697265625
864,1.002384066581726,0.934666097164154,1.9370501041412354,89.64143371582031
865,0.9961222410202026,0.5660991072654724,1.5622212886810303,84.55534362792969
866,0.875872790813446,1.015465497970581,1.8913383483886719,678.987548828125
867,0.9967058897018433,0.7741188406944275,1.770824670791626,660.9267578125
868,1.0875029563903809,0.6697338223457336,1.7572367191314697,110.51490783691406
869,0.9450663328170776,0.8121240735054016,1.757190465927124,116.50347900390625
870,0.9373420476913452,0.6809128522872925,1.6182548999786377,672.147705078125
871,0.9263299703598022,0.5818077921867371,1.5081377029418945,125.03189086914062
872,0.9564270973205566,0.935495913028717,1.891922950744629,387.74041748046875
873,1.0516741275787354,0.7113261818885803,1.763000249862671,90.84672546386719
874,1.0292110443115234,0.683944582939148,1.7131556272506714,350.5103759765625
875,1.025059700012207,1.0236223936080933,2.04868221282959,112.69275665283203
876,0.9930965900421143,0.9301831126213074,1.9232797622680664,75.38186645507812
877,1.0183712244033813,0.6496865749359131,1.6680577993392944,86.19230651855469
878,1.022310733795166,0.6418221592903137,1.664132833480835,399.1531677246094
879,0.9117380976676941,0.5951873660087585,1.5069254636764526,98.93392181396484
880,0.9315947890281677,0.6471569538116455,1.578751802444458,91.30532836914062
881,1.010222315788269,1.1146414279937744,2.124863624572754,378.6717529296875
882,0.928688645362854,0.6224400997161865,1.5511287450790405,449.5057373046875
883,0.9851346015930176,0.7579432129859924,1.7430777549743652,304.8839416503906
884,1.040313720703125,1.0663015842437744,2.1066153049468994,71.40001678466797
885,1.0063986778259277,0.9635189771652222,1.96991765499115,390.6877746582031
886,0.9992779493331909,1.1391013860702515,2.1383793354034424,664.1998291015625
887,0.9840182662010193,0.5989211797714233,1.5829393863677979,103.45832061767578
888,0.9022204279899597,0.5997177362442017,1.5019381046295166,117.45480346679688
889,1.0230660438537598,0.657540500164032,1.6806066036224365,267.526123046875
890,0.9830967783927917,0.5568055510520935,1.5399023294448853,294.21929931640625
891,1.0568170547485352,0.5561317205429077,1.6129487752914429,114.35520935058594
892,0.9107698202133179,0.5917449593544006,1.5025148391723633,75.66142272949219
893,0.9565035104751587,0.6994921565055847,1.6559956073760986,701.42578125
894,1.0898754596710205,1.217320442199707,2.3071959018707275,80.6712875366211
895,1.0230669975280762,0.760277271270752,1.7833442687988281,388.9136657714844
896,0.9326475858688354,0.6634683609008789,1.5961159467697144,93.41474914550781
897,1.1295379400253296,0.65207439661026,1.7816123962402344,396.68878173828125
898,0.9861640930175781,1.055271029472351,2.0414352416992188,595.53369140625
899,0.8460606932640076,1.0374870300292969,1.8835477828979492,592.5033569335938
900,1.093630313873291,0.6983493566513062,1.7919796705245972,88.63357543945312
901,0.9714897871017456,0.6925368309020996,1.6640266180038452,96.90721130371094
902,1.079411268234253,1.0660285949707031,2.145439863204956,614.3111572265625
903,1.053354263305664,0.647326648235321,1.7006809711456299,353.8470458984375
904,1.0635093450546265,0.7119868397712708,1.775496244430542,913.797607421875
905,1.10783851146698,1.05866539478302,2.16650390625,137.3853759765625
906,0.8875665664672852,0.7172046303749084,1.6047711372375488,79.26518249511719
907,0.9362457990646362,0.6073841452598572,1.5436298847198486,97.123291015625
908,0.9808778166770935,0.7278880476951599,1.7087658643722534,351.0037841796875
909,1.1406642198562622,0.7188773155212402,1.8595415353775024,74.85340881347656
910,0.9982973337173462,0.6780878305435181,1.6763851642608643,310.68621826171875
911,0.8575444221496582,0.7171186804771423,1.5746631622314453,293.3293762207031
912,0.925462007522583,1.0676323175430298,1.9930943250656128,94.8839111328125
913,1.0943373441696167,0.9695954322814941,2.0639328956604004,270.9837341308594
914,0.9677793383598328,0.7200567126274109,1.6878360509872437,376.4110412597656
915,1.1105539798736572,0.6382923722267151,1.7488462924957275,380.2742919921875
916,0.9682216644287109,1.0116679668426514,1.9798896312713623,596.6444091796875
917,0.9234761595726013,0.9818501472473145,1.9053263664245605,91.5865707397461
918,1.06553316116333,1.0309768915176392,2.0965099334716797,366.6658630371094
919,0.9067047834396362,0.9905992150306702,1.8973040580749512,300.13427734375
920,0.8893970251083374,1.1205055713653564,2.0099024772644043,361.7986145019531
921,1.0769087076187134,1.0758987665176392,2.1528074741363525,116.19471740722656
922,0.8872098922729492,0.7047855257987976,1.5919954776763916,528.0340576171875
923,1.0263831615447998,0.6468371748924255,1.6732203960418701,89.9464340209961
924,1.0607163906097412,1.0962045192718506,2.156920909881592,316.2627258300781
925,1.1126949787139893,0.6915661692619324,1.8042612075805664,385.7164001464844
926,1.0069186687469482,0.9803465008735657,1.9872651100158691,67.38156127929688
927,0.998525083065033,1.1669139862060547,2.1654391288757324,84.45938110351562
928,1.0312516689300537,0.6676695942878723,1.6989212036132812,563.3388671875
929,0.9217707514762878,1.011769413948059,1.9335401058197021,330.47003173828125
930,0.8815877437591553,0.6177266240119934,1.499314308166504,293.5561828613281
931,0.8859419226646423,0.7253041863441467,1.611246109008789,78.62826538085938
932,1.061615228652954,0.6747860312461853,1.7364013195037842,579.346923828125
933,0.9930858612060547,0.7438505291938782,1.736936330795288,130.64364624023438
934,1.0679692029953003,1.1439974308013916,2.2119665145874023,162.83258056640625
935,0.9881477355957031,0.6576485633850098,1.645796298980713,101.71803283691406
936,1.0172975063323975,1.098852515220642,2.11614990234375,127.93489074707031
937,1.0531048774719238,1.1317802667617798,2.184885025024414,589.8271484375
938,0.997231662273407,1.2305636405944824,2.227795362472534,253.56036376953125
939,1.0423163175582886,1.0267810821533203,2.0690975189208984,75.74971771240234
940,1.0744855403900146,1.139312744140625,2.2137982845306396,83.36167907714844
941,0.9250792860984802,1.1445578336715698,2.0696370601654053,355.92889404296875
942,1.1185970306396484,0.7417080998420715,1.8603050708770752,80.99270629882812
943,0.9805147051811218,1.0287569761276245,2.0092716217041016,315.0332946777344
944,0.9148836135864258,1.0984357595443726,2.013319492340088,78.04170989990234
945,1.1210269927978516,0.8383539319038391,1.959380865097046,90.76588439941406
946,0.9162687063217163,0.6860300302505493,1.6022987365722656,380.5226745605469
947,0.9371600151062012,0.9717472791671753,1.9089072942733765,361.10504150390625
948,0.8870534896850586,0.6769344210624695,1.5639879703521729,119.53582763671875
949,1.0455753803253174,1.0471274852752686,2.092702865600586,88.44383239746094
950,1.0334385633468628,0.6485323905944824,1.6819709539413452,119.86911010742188
951,0.9386941194534302,0.7041441798210144,1.6428382396697998,104.93370056152344
952,1.0116825103759766,1.1119358539581299,2.1236183643341064,74.42696380615234
953,1.1118807792663574,1.0414966344833374,2.1533775329589844,674.6396484375
954,1.0468850135803223,0.7133893370628357,1.7602744102478027,338.6597900390625
955,1.0116209983825684,0.652938723564148,1.6645597219467163,375.3792724609375
956,0.9762532114982605,1.0152095556259155,1.9914627075195312,578.3330688476562
957,0.974148154258728,1.0145663022994995,1.9887144565582275,313.10906982421875
958,1.0605157613754272,0.7111169099807739,1.7716326713562012,118.03741455078125
959,1.1561607122421265,0.9894008040428162,2.145561456680298,385.59783935546875
960,1.0035243034362793,0.681057870388031,1.684582233428955,120.38624572753906
961,0.9637788534164429,1.048117756843567,2.0118966102600098,373.04339599609375
962,1.029640555381775,0.6231028437614441,1.6527433395385742,596.9652709960938
963,0.9534134268760681,0.9471418857574463,1.9005553722381592,84.3099365234375
964,1.051978349685669,1.0775312185287476,2.129509449005127,335.81329345703125
965,1.0346627235412598,1.0311554670333862,2.0658183097839355,350.83868408203125
966,1.1309919357299805,0.6833080053329468,1.8142999410629272,93.5780029296875
967,1.039740800857544,0.7198435068130493,1.7595843076705933,285.7371826171875
968,0.9160083532333374,0.6721846461296082,1.5881929397583008,271.5208740234375
969,0.946250319480896,0.687517523765564,1.63376784324646,98.22410583496094
970,1.204164981842041,1.0624103546142578,2.266575336456299,76.96119689941406
971,0.9850344657897949,1.0116689205169678,1.9967033863067627,281.17083740234375
972,0.9532850980758667,1.0387464761734009,1.9920315742492676,76.62237548828125
973,0.9571847915649414,1.0654605627059937,2.0226454734802246,90.09750366210938
974,1.042069911956787,0.782571017742157,1.8246409893035889,132.9947967529297
975,1.0527737140655518,0.7556948661804199,1.8084685802459717,327.2429504394531
976,0.9818586111068726,1.0087924003601074,1.99065101146698,66.4407958984375
977,0.8835117220878601,1.1093556880950928,1.9928674697875977,390.8158264160156
978,0.9603480100631714,0.9345686435699463,1.8949166536331177,95.10696411132812
979,1.0247998237609863,0.7299853563308716,1.754785180091858,109.3831787109375
980,0.8731493353843689,1.0728622674942017,1.9460115432739258,104.84226989746094
981,0.8925239443778992,1.1343945264816284,2.026918411254883,330.55633544921875
982,0.941405177116394,1.1466938257217407,2.0880990028381348,306.3121337890625
983,0.8810521960258484,1.0691298246383667,1.9501819610595703,66.0118637084961
984,1.020188331604004,0.7305623888969421,1.7507507801055908,108.52239990234375
985,1.0095245838165283,0.6638612747192383,1.6733858585357666,470.66009521484375
986,1.1245427131652832,0.7021153569221497,1.826658010482788,290.5301513671875
987,0.9594955444335938,1.157654881477356,2.11715030670166,365.0531005859375
988,1.0512304306030273,0.9727035760879517,2.0239338874816895,330.04071044921875
989,0.9765470027923584,1.0113428831100464,1.9878898859024048,115.20057678222656
990,0.8665356636047363,0.7105408310890198,1.5770764350891113,122.19912719726562
991,1.0408987998962402,0.68202805519104,1.7229268550872803,608.9375610351562
992,0.9475433826446533,0.698372483253479,1.6459158658981323,554.4921264648438
993,1.1039149761199951,1.1200422048568726,2.223957061767578,292.21142578125
994,0.9660319089889526,0.6185559034347534,1.584587812423706,142.95538330078125
995,0.8985773921012878,0.7327161431312561,1.631293535232544,809.5339965820312
996,1.046997308731079,0.7529135346412659,1.7999107837677002,71.00332641601562
997,0.9822907447814941,1.193021297454834,2.175312042236328,540.509521484375
998,0.9828802943229675,1.196504831314087,2.179385185241699,346.30181884765625
999,1.0858275890350342,0.6205787062644958,1.7064063549041748,791.7979736328125
1000,1.038851261138916,0.7903401851654053,1.8291914463043213,525.5748901367188
