Average Episodic Reward,Average Episodic N-Reward,Avg Reward (last 10),Avg Reward (last 50),Best Reward
46748.22082676603,46748.22082676603,51614.07158977621,51614.07158977621,51614.07158977621
46053.47652065511,46053.47652065511,55581.91199055809,55581.91199055809,59549.75239133996
45883.63824156259,45883.63824156259,49293.748107231346,49293.748107231346,59549.75239133996
44822.2382423929,44822.2382423929,51858.530188895005,51858.530188895005,59552.87643388599
45625.62887515975,45625.62887515975,49829.30880181174,49829.30880181174,59552.87643388599
46450.03681703708,46450.03681703708,49468.77117341683,49468.77117341683,59552.87643388599
45497.84889921264,45497.84889921264,47645.85510053154,47645.85510053154,59552.87643388599
47165.26164178396,47165.26164178396,48886.868505881685,48886.868505881685,59552.87643388599
46093.26196751634,46093.26196751634,47425.776200773056,47425.776200773056,59552.87643388599
45121.399863237835,45121.399863237835,47051.961681918896,47051.961681918896,59552.87643388599
45466.98999570635,45466.98999570635,46954.91670529935,47378.476240251795,59552.87643388599
45617.12740176723,45617.12740176723,45268.7024865246,46987.57073719685,59552.87643388599
44692.50210529267,44692.50210529267,45964.3704799242,46732.688393918164,59552.87643388599
44684.14993454442,44684.14993454442,43882.71959797594,46161.52262395283,59552.87643388599
45119.9617645344,45119.9617645344,43882.24187261709,45864.59751568199,59552.87643388599
46341.17544488749,46341.17544488749,44379.094321982186,46287.72314127018,59552.87643388599
46401.35302085598,46401.35302085598,44480.08159589868,45783.63539192398,59552.87643388599
46431.1295147773,46431.1295147773,42596.15965333731,45392.03025446814,59552.87643388599
44871.29088316588,44871.29088316588,43885.501141196226,45562.47353783788,59552.87643388599
46012.052491656665,46012.052491656665,44281.85409955347,45666.907890736176,59552.87643388599
45100.39326436935,45100.39326436935,43781.98775275401,45665.86267477666,59552.87643388599
45805.4205163556,45805.4205163556,44082.08725489097,45666.89642705781,59552.87643388599
46033.644295918595,46033.644295918595,45272.87907063239,46097.98868814173,59552.87643388599
46380.34170324019,46380.34170324019,46463.259574411146,46287.24635331045,59552.87643388599
45249.15921116751,45249.15921116751,47155.82553225642,46381.08872231176,59552.87643388599
36157.05506804406,36157.05506804406,47054.79139749877,46582.7493936658,59552.87643388599
36098.93082854008,36098.93082854008,46460.90212089005,46034.47492117067,59552.87643388599
31929.290687484405,31929.290687484405,46260.13038123812,45702.06601402885,59552.87643388599
34410.2527856798,34410.2527856798,44971.68954324645,45358.754919013256,59552.87643388599
32874.25788180577,32874.25788180577,43582.3535902827,44972.05645725169,59552.87643388599
32614.275995840413,32614.275995840413,41896.40300868443,44449.907943779166,59552.87643388599
33646.260880526606,33646.260880526606,41099.08619042046,44239.45572810863,59552.87643388599
32296.151095819172,32296.151095819172,38519.00191679415,43801.326030157616,59552.87643388599
34628.1146587888,34628.1146587888,36532.5580716188,43418.22038810702,59552.87643388599
33428.35262425378,33428.35262425378,33555.24105864172,42716.560818406026,59552.87643388599
33686.94964717916,33686.94964717916,32164.70225725363,42577.73630021796,59552.87643388599
33845.38130782495,33845.38130782495,30675.63530681074,41883.43718755988,59552.87643388599
34301.43675532446,34301.43675532446,31968.25924022716,42087.906336712615,59552.87643388599
32326.023372856835,32326.023372856835,32563.626198656544,42077.952683024356,59552.87643388599
33716.18589682816,33716.18589682816,30974.833209069737,41472.75064520619,59552.87643388599
34043.623131915476,34043.623131915476,30876.29820794285,41139.27142284348,59552.87643388599
33686.88955445404,33686.88955445404,30579.258248322527,40987.02775673099,59552.87643388599
33110.92659845748,33110.92659845748,30282.14611856158,40657.330701879466,59552.87643388599
32991.36453199139,32991.36453199139,30976.24910267419,40590.499641417744,59552.87643388599
33259.67485109936,33259.67485109936,32367.1009445898,40416.68084644686,59552.87643388599
32842.12685497724,32842.12685497724,31773.332496809588,40228.9528646944,59552.87643388599
31949.024426406766,31949.024426406766,33956.55536342636,40196.86658668041,59552.87643388599
34132.836709594594,34132.836709594594,33258.90882965144,40248.53185607487,59552.87643388599
34321.193380298064,34321.193380298064,31670.364119425398,39953.955016983746,59552.87643388599
33557.10512211123,33557.10512211123,33755.45873026156,39929.29226221727,59552.87643388599
34023.983389182125,34023.983389182125,33557.69235586808,39413.45960610975,59552.87643388599
33130.4817867649,33130.4817867649,33856.47741574248,38977.12231918021,59552.87643388599
34132.10886591165,34132.10886591165,34055.983238766625,38818.87616493579,59552.87643388599
34558.98114550102,34558.98114550102,33461.74594876668,38263.306459089355,59552.87643388599
34111.48012615463,34111.48012615463,33560.77238774541,38104.236359170085,59552.87643388599
33130.80050172335,33130.80050172335,33261.48359468796,37726.68081364643,59552.87643388599
33943.96451838749,33943.96451838749,32663.61315830704,37647.35750906657,59552.87643388599
32555.297669426433,32555.297669426433,32565.528413780896,37329.797303646985,59552.87643388599
33914.33964411009,33914.33964411009,32565.61300607603,37131.358801720125,59552.87643388599
33279.08017820648,33279.08017820648,32862.902749172215,37091.48047566794,59552.87643388599
33002.71875238433,33002.71875238433,33060.317839022566,36634.53983285438,59552.87643388599
33924.91336012314,33924.91336012314,32264.423491416925,36376.26652015867,59552.87643388599
33119.99312035268,33119.99312035268,33158.40707925672,36257.68348480229,59552.87643388599
32782.98742045424,32782.98742045424,33555.62656205175,36197.88785190452,59552.87643388599
34132.98796826469,34132.98796826469,32960.39160906826,35919.86630646032,59552.87643388599
33477.60206038675,33477.60206038675,32761.02325328312,35403.06659990661,59552.87643388599
33357.951778155046,33357.951778155046,32961.29000270086,35343.59919042701,59552.87643388599
33933.76462433995,33933.76462433995,31870.239878023935,35184.61334858431,59552.87643388599
32664.72484309176,32664.72484309176,32465.566911080106,34847.3719556969,59552.87643388599
32387.125884621255,32387.125884621255,32069.38760074852,34648.98717590695,59552.87643388599
34271.37575121564,34271.37575121564,32169.118558897666,34311.96599408312,59552.87643388599
33298.125870797565,33298.125870797565,32070.980393123085,33974.045147805096,59552.87643388599
32255.3214967782,32255.3214967782,31274.377570203495,33457.98318471652,59552.87643388599
32614.367018248442,32614.367018248442,31967.8337967629,33298.80269637486,59552.87643388599
31989.806385388893,31989.806385388893,32363.62259909339,32961.42571982772,59552.87643388599
43451.727908611756,43451.727908611756,33852.075989619625,32762.523518330785,59552.87643388599
41547.813385391484,41547.813385391484,33554.85195750395,32762.389157749793,59552.87643388599
42647.93240314824,42647.93240314824,34148.11773340074,32762.210819016836,59552.87643388599
41190.07629784814,41190.07629784814,36033.59826432771,33059.75369991316,59552.87643388599
41089.0357696587,41089.0357696587,36427.847964599125,33218.086050770224,59552.87643388599
40157.31764089782,40157.31764089782,38212.29214129701,33575.143820605634,59552.87643388599
40047.72455828438,40047.72455828438,40296.10341242688,33813.44859220638,59552.87643388599
39185.33053295972,39185.33053295972,41687.468565570096,34091.67651447171,59552.87643388599
39760.53560924819,39760.53560924819,40794.92306765815,34151.275695582735,59552.87643388599
39292.85938121565,39292.85938121565,41391.15303112636,34528.60811432465,59552.87643388599
37805.024305419625,37805.024305419625,40200.70804589058,34369.72467605817,59552.87643388599
37864.341518710695,37864.341518710695,41191.97766574001,34865.65762953564,59552.87643388599
38272.19738005871,38272.19738005871,41291.928234660685,34626.94461790354,59552.87643388599
37198.422574359225,37198.422574359225,38710.999714952435,34289.22840317234,59552.87643388599
37358.52786255277,37358.52786255277,37322.41599129273,34487.60260721483,59552.87643388599
36328.06200795994,36328.06200795994,36033.483571137986,34606.58089324467,59552.87643388599
35452.79959975729,35452.79959975729,35437.33530740576,34785.064004023036,59552.87643388599
35234.68783411829,35234.68783411829,33649.81559700619,34765.210410160624,59552.87643388599
34330.98924181837,34330.98924181837,34542.08437988242,34864.44275102438,59552.87643388599
33974.348840089915,33974.348840089915,33747.843423581005,34804.75661012289,59552.87643388599
33784.96052037194,33784.96052037194,33153.31560390709,34645.72129747768,59552.87643388599
33924.79989182938,33924.79989182938,32659.127403999017,34606.17203765017,59552.87643388599
33268.48100139427,33268.48100139427,32460.96017608596,34467.354887190435,59552.87643388599
32425.78070233506,32425.78070233506,33751.43278333936,34705.44213595512,59552.87643388599
33318.3125803142,33318.3125803142,33950.66097192792,34526.6430555481,59552.87643388599
31869.000448873838,31869.000448873838,34448.64537573279,34784.771497217596,59552.87643388599
32551.883469176173,32551.883469176173,33953.79414153268,34804.527349181066,59552.87643388599
32643.905071684047,32643.905071684047,34053.05014575973,34764.62379155925,59552.87643388599
32238.12209914428,32238.12209914428,33160.55776414815,34804.20511410068,59552.87643388599
30967.47138230308,30967.47138230308,32764.51825398224,34645.50578337025,59552.87643388599
30837.67247294867,30837.67247294867,33062.74819378594,34605.97421729727,59552.87643388599
31730.827513725668,31730.827513725668,33657.66620089459,34804.982646167686,59552.87643388599
31263.92062320188,31263.92062320188,34054.945211826875,34765.238246799636,59552.87643388599
31463.3615523783,31463.3615523783,33361.401567070614,34864.599848154045,59552.87643388599
30698.052462752712,30698.052462752712,33858.67252561353,34725.797010836366,59552.87643388599
31562.324834463256,31562.324834463256,33360.810251318966,34844.869979676885,59552.87643388599
31324.260094007455,31324.260094007455,32169.110761810793,34785.46480325984,59552.87643388599
29863.67628860606,29863.67628860606,32664.64121654172,34665.87061901625,59552.87643388599
30460.425680400054,30460.425680400054,31772.545116874062,34447.58882506514,59552.87643388599
30590.047720444676,30590.047720444676,32564.996555911108,34566.42677273882,59552.87643388599
30250.99374617029,30250.99374617029,33259.70435033522,34705.71043670768,59552.87643388599
30599.039269293637,30599.039269293637,32365.17444320012,34685.759534267534,59552.87643388599
31374.102368785167,31374.102368785167,31273.18775213924,34645.82782162269,59552.87643388599
29318.94515022699,29318.94515022699,32165.95495356559,34804.67745665114,59552.87643388599
30699.36276469128,30699.36276469128,31570.78463658211,34626.07641800308,59552.87643388599
30620.384120112773,30620.384120112773,31273.455734379735,34665.7374147733,59552.87643388599
31313.516317531805,31313.516317531805,31174.55825362593,34606.1803753604,59552.87643388599
30273.29671156207,30273.29671156207,31672.28310303929,34745.45172558341,59552.87643388599
30847.297743815932,30847.297743815932,32762.78765741272,34606.5795971951,59552.87643388599
30331.39009060843,30331.39009060843,31572.210067629552,34408.14426644605,59552.87643388599
31404.51742550403,31404.51742550403,31075.66157511455,34150.42755380668,59552.87643388599
29945.312595328138,29945.312595328138,30183.90522086563,34011.570186939876,59552.87643388599
29854.32696581037,29854.32696581037,29688.073868572734,33753.819048657104,59552.87643388599
30340.719771337415,30340.719771337415,28794.876983363247,33356.93320045825,59552.87643388599
31312.87923735663,31312.87923735663,28693.372749015292,33079.18137488632,59552.87643388599
30806.521659819166,30806.521659819166,28892.73517093133,32801.826020700166,59552.87643388599
30537.96922727357,30537.96922727357,29190.21504625679,32385.002702126396,59552.87643388599
30656.996887744077,30656.996887744077,29387.708751205726,32285.499762710533,59552.87643388599
30022.486798877908,30022.486798877908,28395.715259404475,32126.73803554437,59552.87643388599
31245.50914030033,31245.50914030033,29784.79756907722,32086.873174036227,59552.87643388599
30766.909807124826,30766.909807124826,30776.463706830156,32265.578685994587,59552.87643388599
30866.197905634534,30866.197905634534,31271.585059671797,32027.49166572623,59552.87643388599
31014.787985150684,31014.787985150684,32264.12891964751,31948.259185654464,59552.87643388599
30957.411910315277,30957.411910315277,32363.056713119044,32087.344600091572,59552.87643388599
31760.04745516791,31760.04745516791,32165.072280799493,32047.71263278767,59552.87643388599
30240.814547128324,30240.814547128324,32064.808490355957,32008.091004543756,59552.87643388599
31503.279815138187,31503.279815138187,33554.2309521516,32008.381831075552,59552.87643388599
31135.22736538963,31135.22736538963,32363.988956699053,32028.334434649107,59552.87643388599
30917.063286992932,30917.063286992932,32858.941589173686,31790.109477402624,59552.87643388599
30877.66295884415,30877.66295884415,32263.126955377917,31789.92988039561,59552.87643388599
30658.044272109255,30658.044272109255,31171.201527642046,31869.155870741582,59552.87643388599
31065.967862518504,31065.967862518504,31766.740889734247,31849.014362873277,59552.87643388599
30629.23469041849,30629.23469041849,32261.73840068623,31908.414830574515,59552.87643388599
31203.83323647785,31203.83323647785,32459.610705851293,31828.98018459396,59552.87643388599
31274.31307149298,31274.31307149298,32956.73780001695,31848.927998405477,59552.87643388599
30837.94796288057,30837.94796288057,31865.59433492376,31491.48079638195,59552.87643388599
30886.686912647496,30886.686912647496,30576.052980019245,31332.833598772868,59552.87643388599
31682.12627840796,31682.12627840796,31369.576907516188,31491.6397870004,59552.87643388599
30241.17733412788,30241.17733412788,31072.808356206457,31372.55959581428,59552.87643388599
31512.131700942246,31512.131700942246,31668.645930541745,31570.75541570751,59552.87643388599
32019.236787312442,32019.236787312442,31470.30190046828,31550.66661207805,59552.87643388599
32217.133241158455,32217.133241158455,31073.925789297045,31332.26628055377,59552.87643388599
32008.738454771592,32008.738454771592,30280.76225401726,31153.578239012593,59552.87643388599
31750.550083289083,31750.550083289083,29685.57118118146,31093.81410741613,59552.87643388599
30827.39049087123,30827.39049087123,29983.780324060965,31073.94955809497,59552.87643388599
31085.903965661666,31085.903965661666,31473.207971855096,31113.96034048918,59552.87643388599
30629.902057032472,30629.902057032472,31075.82207290748,31114.175860992214,59552.87643388599
31800.16628875288,31800.16628875288,30281.483543589748,31015.00825241,59552.87643388599
30837.54439713034,30837.54439713034,31472.982840723882,31312.647140584242,59552.87643388599
31651.62607158378,31651.62607158378,30878.15653487157,31233.3874114996,59552.87643388599
31800.78134982764,31800.78134982764,30977.492040462086,31094.224150103422,59552.87643388599
31740.345052969576,31740.345052969576,32069.18866769631,31273.069125453,59552.87643388599
31075.80772883415,31075.80772883415,31175.19018014112,31133.978724612967,59552.87643388599
31095.479632503848,31095.479632503848,31474.15638762148,30955.45439422731,59552.87643388599
32354.51739840046,32354.51739840046,32068.879668010846,31173.56856438071,59552.87643388599
32089.224428919926,32089.224428919926,30678.583937978663,30994.985981208967,59552.87643388599
32137.2766645915,32137.2766645915,30975.881738593034,31074.440557985632,59552.87643388599
30966.611383865467,30966.611383865467,32168.61079738883,31114.27379127991,59552.87643388599
32049.320197604342,32049.320197604342,30878.980612202293,30935.885731542156,59552.87643388599
31551.540134899617,31551.540134899617,30878.89081091359,31094.723560156403,59552.87643388599
31821.500536929612,31821.500536929612,31276.181444748334,31134.328124030177,59552.87643388599
32057.901863583265,32057.901863583265,29291.064732552157,31094.50102779031,59552.87643388599
32019.266947105476,32019.266947105476,31277.743362426263,31451.912623383672,59552.87643388599
31403.139978418225,31403.139978418225,31078.318371861045,31412.142671926864,59552.87643388599
31393.770171399217,31393.770171399217,30780.751164510224,31591.0442474797,59552.87643388599
31929.6093005569,31929.6093005569,30979.722332730016,31412.3834135687,59552.87643388599
32355.497580241597,32355.497580241597,31575.48824134937,31551.495197004144,59552.87643388599
31978.589677169122,31978.589677169122,29886.82075277238,31214.096191593242,59552.87643388599
31770.999609659677,31770.999609659677,30083.879072930657,31273.518494247393,59552.87643388599
31283.785137928728,31283.785137928728,30975.674257720868,31332.898897885134,59552.87643388599
30787.415998844706,30787.415998844706,30975.800855799265,31174.195553824004,59552.87643388599
31977.188864981228,31977.188864981228,32266.019359005884,31293.38788765712,59552.87643388599
31243.61697806213,31243.61697806213,30479.2917653382,31094.94519252181,59552.87643388599
32009.61932598201,32009.61932598201,30380.357324880715,31015.6027942792,59552.87643388599
31481.67469828486,31481.67469828486,29982.74975665175,31154.57974265014,59552.87643388599
31274.857697193176,31274.857697193176,31073.382608427753,31214.098237183058,59552.87643388599
30867.533719902705,30867.533719902705,31073.371162248928,31055.32323902361,59552.87643388599
32048.69447781851,32048.69447781851,31868.465421893343,31114.9914846321,59552.87643388599
31442.642812420243,31442.642812420243,32763.04166377098,31254.33850916685,59552.87643388599
31810.47778275907,31810.47778275907,32467.06049268985,31373.68560534752,59552.87643388599
31422.18337953856,31422.18337953856,32765.044495654547,31492.964147426504,59552.87643388599
32583.258492248035,32583.258492248035,32070.37954630346,31354.115618970976,59552.87643388599
30757.616419354825,30757.616419354825,32366.740783069312,31115.94566899843,59552.87643388599
30618.313569458955,30618.313569458955,32167.517996392933,30957.184252387528,59552.87643388599
32029.126610088762,32029.126610088762,32168.870228008564,30997.00622824847,59552.87643388599
30827.509301537168,30827.509301537168,31872.475395476504,31215.474449293608,59552.87643388599
31323.249498589095,31323.249498589095,31177.426170286948,31175.597877077158,59552.87643388599
32536.343394555734,32536.343394555734,31375.424337752214,31116.160970679306,59552.87643388599
31998.596194553273,31998.596194553273,31076.690570857183,31255.114952097,59552.87643388599
32891.432039788284,32891.432039788284,30679.07904717417,31175.772228674014,59552.87643388599
32534.065384862923,32534.065384862923,30579.643797394838,31314.832526811817,59552.87643388599
31342.889382014124,31342.889382014124,30678.103332861116,31274.951127683787,59552.87643388599
31780.36044130655,31780.36044130655,30877.747034906257,31235.34262517623,59552.87643388599
31591.239816975674,31591.239816975674,31871.58304207127,31394.386624565497,59552.87643388599
32206.847047482137,32206.847047482137,31374.646836939362,31275.17953082415,59552.87643388599
32633.891706885737,32633.891706885737,31771.806986026688,31275.194252127927,59552.87643388599
32196.464136036357,32196.464136036357,32765.224164900923,31513.478295475845,59552.87643388599
31831.016443398596,31831.016443398596,33061.729082432954,31672.210078447944,59552.87643388599
30848.415262789513,30848.415262789513,32962.40071185692,31552.998526323605,59552.87643388599
31442.78862555135,31442.78862555135,32764.93363752126,31553.127649203943,59552.87643388599
31522.65347349088,31522.65347349088,33756.39875235311,31870.613869190016,59552.87643388599
31661.730443730972,31661.730443730972,32564.761667664476,31374.065727677425,59552.87643388599
31582.06795503849,31582.06795503849,33556.67997128851,31711.640583405708,59552.87643388599
32017.964854623573,32017.964854623573,33059.88452494341,31711.53225202988,59552.87643388599
32166.951602402372,32166.951602402372,33754.05335666038,31612.214268554057,59552.87643388599
32534.72144780122,32534.72144780122,33653.06629807731,31870.090724147656,59552.87643388599
32405.17785220681,32405.17785220681,33550.129267753604,32028.32780130796,59552.87643388599
32059.70725811841,32059.70725811841,34145.71030995814,32067.629980961814,59552.87643388599
31670.2464989904,31670.2464989904,33749.33725351599,32127.06985458635,59552.87643388599
32088.00069942942,32088.00069942942,34642.044896781335,32305.758466377494,59552.87643388599
31859.152676071404,31859.152676071404,32956.45605431982,32206.66879110432,59552.87643388599
31829.875779504924,31829.875779504924,34445.47815497204,32404.948412161393,59552.87643388599
31829.099139363618,31829.099139363618,33850.84991753143,32226.26189442674,59552.87643388599
32454.554186588746,32454.554186588746,33354.5276084084,32166.77409933935,59552.87643388599
31651.279501394834,31651.279501394834,33752.399907729385,32206.54401719789,59552.87643388599
32515.06132820121,32515.06132820121,32859.40569455939,32246.02739651353,59552.87643388599
32147.419221150205,32147.419221150205,31572.507744348415,32027.731701907767,59552.87643388599
31661.188742842023,31661.188742842023,31275.060663011496,32345.277963009634,59552.87643388599
31275.56675004776,31275.56675004776,31672.258115982357,32444.745663196692,59552.87643388599
31005.967051094347,31005.967051094347,30382.242755330546,32187.07216589943,59552.87643388599
31513.505153484544,31513.505153484544,30481.605450417625,32107.82971002799,59552.87643388599
32741.57969963974,32741.57969963974,30880.068832914327,32127.758306943084,59552.87643388599
32087.96234996028,32087.96234996028,30781.36291571006,32286.676124501115,59552.87643388599
32078.027666008467,32078.027666008467,31873.619361247325,32465.42650661267,59552.87643388599
31790.060497919054,31790.060497919054,31179.031929056266,32445.80045167879,59552.87643388599
31473.65450295911,31473.65450295911,31675.305027605085,32366.411880348995,59552.87643388599
32693.34034668147,32693.34034668147,31972.5828134503,32207.57403214804,59552.87643388599
32146.50217240971,32146.50217240971,30782.412993742655,32128.06747737949,59552.87643388599
31451.192003475233,31451.192003475233,31080.13175491371,32108.163681425234,59552.87643388599
32346.9696186215,32346.9696186215,31575.75406064029,32008.810879489512,59552.87643388599
33020.091474455025,33020.091474455025,31873.982244514285,31929.617259799932,59552.87643388599
30658.64680786077,30658.64680786077,32964.85857055745,32306.65411179388,59552.87643388599
31392.3861081328,31392.3861081328,32765.235599208234,32366.375087728902,59552.87643388599
31939.15579179649,31939.15579179649,33658.748595568526,32763.672626447784,59552.87643388599
30977.039890452153,30977.039890452153,33162.252116821444,32644.476829441366,59552.87643388599
32166.883595903284,32166.883595903284,33758.44175047822,32743.605151349333,59552.87643388599
32008.553278268002,32008.553278268002,35047.836590296945,32981.656116150036,59552.87643388599
31899.86559767586,31899.86559767586,35643.719428542245,32981.7264955375,59552.87643388599
31840.49832630645,31840.49832630645,35245.96896956327,32942.01936116645,59552.87643388599
32027.93741611795,32027.93741611795,35047.9809390444,32882.59125786356,59552.87643388599
31729.65320246349,31729.65320246349,35741.65338911357,32962.01917814368,59552.87643388599
32356.011252883705,32356.011252883705,34153.71686066488,33001.776817354636,59552.87643388599
32099.60433108657,32099.60433108657,34153.79707179761,33021.58509510717,59552.87643388599
32336.550350759793,32336.550350759793,33161.129788692946,33021.58197577212,59552.87643388599
31870.0110369744,31870.0110369744,33656.8597221581,33100.91940648512,59552.87643388599
31998.66070046504,31998.66070046504,33458.82134548179,33081.00802324036,59552.87643388599
32623.744873546457,32623.744873546457,32764.94192801224,32981.5996687723,59552.87643388599
31798.43926042149,31798.43926042149,32762.630203558616,32921.906719762635,59552.87643388599
31879.755211439355,31879.755211439355,32761.121388590673,32901.7634965132,59552.87643388599
31870.601217643052,31870.601217643052,32165.489242490596,32762.70237885743,59552.87643388599
31522.567568480004,31522.567568480004,31568.63651112814,32524.466729898686,59552.87643388599
31333.93179904307,31333.93179904307,31470.054891507432,32782.83546212323,59552.87643388599
31662.100484573264,31662.100484573264,30675.65154849958,32445.37941054938,59552.87643388599
31909.85052211258,31909.85052211258,30576.492356170755,32524.903542017586,59552.87643388599
32832.34874825868,32832.34874825868,30775.065643147187,32505.121863782475,59552.87643388599
32008.253362829237,32008.253362829237,30475.404968209285,32445.47575726676,59552.87643388599
31154.67585258979,31154.67585258979,30078.04467144168,32287.182749509917,59552.87643388599
31830.497327270474,31830.497327270474,29779.417606248713,32048.648179020744,59552.87643388599
31583.38515170632,31583.38515170632,29979.53523356871,32147.803092523744,59552.87643388599
31800.158013090346,31800.158013090346,31071.361666297144,32048.565732760588,59552.87643388599
32147.077196094062,32147.077196094062,30576.608628055787,32048.497244645878,59552.87643388599
31949.430632227297,31949.430632227297,30775.11726457494,32048.763284043805,59552.87643388599
32118.46405540579,32118.46405540579,32164.7358463811,32108.156596319317,59552.87643388599
32336.8253606508,32336.8253606508,31964.10255396578,32246.81853112906,59552.87643388599
31889.123232205468,31889.123232205468,32063.367772572936,32167.315436751185,59552.87643388599
31978.595468033804,31978.595468033804,32460.60074127322,32365.714766609526,59552.87643388599
31859.906161506093,31859.906161506093,32360.475638854823,32444.7763284112,59552.87643388599
32198.27139597259,32198.27139597259,33156.90968981072,32425.017984380585,59552.87643388599
32474.4902893573,32474.4902893573,33653.33811965339,32544.019093257946,59552.87643388599
31314.777133081596,31314.777133081596,33355.50281889899,32643.217745474285,59552.87643388599
31203.053069513477,31203.053069513477,34248.556850800975,32801.88752472255,59552.87643388599
31373.09399741497,31373.09399741497,34446.21464634402,32761.992446729735,59552.87643388599
32335.842162545676,32335.842162545676,35140.40121297677,32979.964255772655,59552.87643388599
31303.77925601911,31303.77925601911,34744.99185161741,32821.09302920308,59552.87643388599
32245.79436179417,32245.79436179417,35142.194420242966,32959.94793498852,59552.87643388599
32107.267385171195,32107.267385171195,34547.05438111276,32940.06463731105,59552.87643388599
32048.525832235977,32048.525832235977,34449.330945610396,32940.12595484321,59552.87643388599
32168.79980707554,32168.79980707554,32958.955872003615,32860.32656003278,59552.87643388599
30867.37644070706,30867.37644070706,32562.053737653514,32840.4034898059,59552.87643388599
32266.395497808848,32266.395497808848,32959.724527451755,32920.01183883657,59552.87643388599
31295.32177161898,31295.32177161898,32067.414647835878,32840.574005386865,59552.87643388599
32455.3689106601,32455.3689106601,32167.538471441443,32602.52842690654,59552.87643388599
32158.091520643025,32158.091520643025,30976.867486782015,32622.29063328741,59552.87643388599
31700.826232342002,31700.826232342002,30877.008331616806,32264.744976412738,59552.87643388599
30817.255659066086,30817.255659066086,30875.85155473496,32502.667822571235,59552.87643388599
31422.163556740587,31422.163556740587,30677.07399964021,32323.791087143458,59552.87643388599
31819.226764484894,31819.226764484894,31272.27235925244,32185.013108634317,59552.87643388599
31216.19357668466,31216.19357668466,31472.036715421862,32025.990017408705,59552.87643388599
32613.41455201392,32613.41455201392,30579.849215666785,31907.17953902662,59552.87643388599
32057.370581509127,32057.370581509127,30479.936864266405,32006.40302388098,59552.87643388599
32127.34646879585,32127.34646879585,31173.809727553733,31927.005273074898,59552.87643388599
31561.56528910886,31561.56528910886,30676.920641747674,31907.169183123104,59552.87643388599
31541.977408373634,31541.977408373634,31172.323933137,32025.996005555295,59552.87643388599
31413.65330238299,31413.65330238299,32065.817785944575,32045.682575863066,59552.87643388599
32285.397803709893,32285.397803709893,31370.434764304584,32045.382831000523,59552.87643388599
31195.667187521063,31195.667187521063,32363.05466694795,32104.63775143668,59552.87643388599
31492.543142704693,31492.543142704693,31469.896859024808,31926.004094836822,59552.87643388599
32028.637995974106,32028.637995974106,31966.605627909175,31866.785102278824,59552.87643388599
31551.307726767685,31551.307726767685,32462.267424675683,31847.408746243615,59552.87643388599
31244.204138650293,31244.204138650293,32957.89408207601,32164.88399179806,59552.87643388599
31770.444106723666,31770.444106723666,34247.86397251274,32462.85076535182,59552.87643388599
31533.633690020524,31533.633690020524,34744.90010137129,32562.138225095874,59552.87643388599
31144.37507508507,31144.37507508507,33654.3322770785,32621.732151271073,59552.87643388599
31830.704977318717,31830.704977318717,32959.46320976253,32522.276746581414,59552.87643388599
31800.08121960161,31800.08121960161,33061.38601574536,32502.64690552016,59552.87643388599
31691.636604959614,31691.636604959614,32762.9909886728,32562.154955529386,59552.87643388599
31819.976437725778,31819.976437725778,32961.927473053205,32502.780655159135,59552.87643388599
31781.438742145463,31781.438742145463,33359.171960300715,32582.735973089217,59552.87643388599
32197.808332092365,32197.808332092365,33655.97627250567,32582.69695403101,59552.87643388599
31373.431513739637,31373.431513739637,32563.38640351931,32463.2889392425,59552.87643388599
32168.627879822645,32168.627879822645,31471.863244754284,32641.901688691527,59552.87643388599
31472.333434439763,31472.333434439763,31371.28856081761,32681.37248434441,59552.87643388599
31255.000638735204,31255.000638735204,32662.147250985763,32721.214432192013,59552.87643388599
31423.232914534245,31423.232914534245,32860.80368576423,32701.61697294111,59552.87643388599
32426.327259668742,32426.327259668742,32463.721746352698,32582.717700276113,59552.87643388599
31760.906678545318,31760.906678545318,31771.011506013212,32424.237108477388,59552.87643388599
31701.235225328364,31701.235225328364,32166.673390529213,32464.020205494013,59552.87643388599
31900.266568829884,31900.266568829884,31868.513309239446,32325.05669697496,59552.87643388599
32395.675561729655,32395.675561729655,31471.586652280548,32146.346660556443,59552.87643388599
31790.112155741528,31790.112155741528,31672.8348653247,32126.755348527637,59552.87643388599
31354.423271818352,31354.423271818352,31275.700076887966,32047.330333908918,59552.87643388599
30986.351101561057,30986.351101561057,30979.246842193108,31987.978923514223,59552.87643388599
32386.632689537026,32386.632689537026,30383.4733793962,31769.828865475898,59552.87643388599
31652.48847261598,31652.48847261598,29687.776248235685,31690.173852264765,59552.87643388599
31363.709777280295,31363.709777280295,30183.215722810644,31590.921960789645,59552.87643388599
31740.646235551467,31740.646235551467,30975.360313926016,31709.89829504003,59552.87643388599
31097.283741818443,31097.283741818443,31371.998484757576,31848.55371332345,59552.87643388599
31800.082290506674,31800.082290506674,31272.51386600534,31987.768295775313,59552.87643388599
33129.58061931807,33129.58061931807,31271.62846134819,31888.26160529538,59552.87643388599
31959.891855850765,31959.891855850765,31469.69825940152,31828.75009491759,59552.87643388599
32217.749499435173,32217.749499435173,31965.703832857445,32026.988170913235,59552.87643388599
31970.65181295605,31970.65181295605,32163.744345533934,31987.22009833272,59552.87643388599
32068.297333765844,32068.297333765844,32559.647932991928,32086.38495471788,59552.87643388599
31552.687310915753,31552.687310915753,32659.81722555291,32046.735631051986,59552.87643388599
31531.160084506948,31531.160084506948,31965.528390112107,31808.857327865077,59552.87643388599
31760.2360806735,31760.2360806735,32165.407181779046,32007.564931467805,59552.87643388599
31482.557565954532,31482.557565954532,32166.14355146329,32027.32795176562,59552.87643388599
32077.148678966085,32077.148678966085,33158.96631236862,32325.154215164664,59552.87643388599
31652.24617935952,31652.24617935952,32762.787158755942,32324.84919391321,59552.87643388599
32077.61740230167,32077.61740230167,32165.453120932412,32165.853346250788,59552.87643388599
31453.33418036495,31453.33418036495,31669.7085149814,32126.167928398765,59552.87643388599
31264.13332772829,31264.13332772829,31869.07904519415,32225.651779022017,59552.87643388599
32613.496302854168,32613.496302854168,31672.360465376383,32186.392261165754,59552.87643388599
31988.569657325057,31988.569657325057,31473.26463539582,31928.22500094223,59552.87643388599
31850.33299756302,31850.33299756302,31770.77419470537,31888.925213945233,59552.87643388599
32039.32306356691,32039.32306356691,30183.088707602506,31571.571739598716,59552.87643388599
32256.653645498245,32256.653645498245,29488.467195244804,31631.04201900962,59552.87643388599
31453.853481290058,31453.853481290058,28892.266705490776,31710.286430680986,59552.87643388599
31484.318419702282,31484.318419702282,29388.49460191987,31710.094629362047,59552.87643388599
32186.821370759557,32186.821370759557,29587.080250503564,31491.690579936305,59552.87643388599
31741.253159262975,31741.253159262975,29488.5052367604,31174.296181248297,59552.87643388599
31968.932232246756,31968.932232246756,28693.48557091681,31015.368872931125,59552.87643388599
31691.155303204767,31691.155303204767,27898.710913254657,31035.26798840099,59552.87643388599
31770.22886858437,31770.22886858437,29090.873698652205,31154.507098720165,59552.87643388599
32345.882751851463,32345.882751851463,29785.03675351582,31233.65536149932,59552.87643388599
31393.586049124377,31393.586049124377,30579.724685947225,31134.9184790536,59552.87643388599
31076.123033349537,31076.123033349537,30380.757720699487,31114.808068538878,59552.87643388599
31661.65918827795,31661.65918827795,29687.234715428796,30975.8989817066,59552.87643388599
32801.29433387303,32801.29433387303,29189.676641644463,30816.8347031898,59552.87643388599
31036.390350152284,31036.390350152284,29090.922027879955,30797.197704808434,59552.87643388599
31432.848864875952,31432.848864875952,29289.37688823502,30737.798909944446,59552.87643388599
32245.56905846379,32245.56905846379,29686.159509465135,30678.343062660628,59552.87643388599
32098.203057119812,32098.203057119812,29984.974292319228,30499.83339666768,59552.87643388599
32465.059312128757,32465.059312128757,30283.048890856717,30638.956139738668,59552.87643388599
31382.98863696618,31382.98863696618,29390.351358140313,30618.98128385685,59552.87643388599
31274.292010206947,31274.292010206947,29885.417617797917,30757.799701410535,59552.87643388599
31908.7083867386,31908.7083867386,31176.58244852943,30916.789880138916,59552.87643388599
32424.967229570466,32424.967229570466,32167.430938004552,31035.682507459613,59552.87643388599
32307.840294957132,32307.840294957132,33260.94932481041,31174.707237695777,59552.87643388599
32088.091943221094,32088.091943221094,33260.802371793696,31114.791206102225,59552.87643388599
31869.467601138036,31869.467601138036,34055.391672124824,31293.737228991813,59552.87643388599
31948.656595389853,31948.656595389853,34355.040085535744,31353.50171132915,59552.87643388599
32009.44131319772,32009.44131319772,33857.35369079555,31194.60945894755,59552.87643388599
31859.071238911063,31859.071238911063,33160.804716637336,31333.561833419,59552.87643388599
31382.1804865134,31382.1804865134,33756.377781768744,31333.613695648466,59552.87643388599
31134.80092914225,31134.80092914225,33757.17904607103,31314.163447839543,59552.87643388599
31632.077984739113,31632.077984739113,32168.50645482767,31076.09147415293,59552.87643388599
31711.53776190758,31711.53776190758,31474.181437568826,31076.016021772317,59552.87643388599
31890.1871021984,31890.1871021984,30579.769794654065,31036.335504356943,59552.87643388599
31451.34794108482,31451.34794108482,30679.505741643545,30956.75270255063,59552.87643388599
31573.511145769662,31573.511145769662,29487.681100335234,30798.132682487372,59552.87643388599
32128.280510517165,32128.280510517165,28890.52914282169,30698.858670786703,59552.87643388599
32086.475636056126,32086.475636056126,29883.754457661173,30659.43076388139,59552.87643388599
32007.922939544842,32007.922939544842,30580.262811034198,30917.650950515257,59552.87643388599
31423.533357096603,31423.533357096603,30776.544128548278,31095.816843335706,59552.87643388599
31522.889215289448,31522.889215289448,30180.19700268081,30917.121412019897,59552.87643388599
31373.78022760302,31373.78022760302,30875.12381041218,30817.887525942715,59552.87643388599
31521.355756186014,31521.355756186014,30777.002509252972,30599.62326114919,59552.87643388599
31352.11699405436,31352.11699405436,30479.53499505025,30579.685071615815,59552.87643388599
32146.624598547696,32146.624598547696,30678.63987206304,30659.390052776762,59552.87643388599
31641.48723294167,31641.48723294167,31074.73519984074,30679.13801945925,59552.87643388599
30618.67142591266,30618.67142591266,32562.75407055705,30837.59367585929,59552.87643388599
32077.3560892483,32077.3560892483,31370.889945759747,30599.136659958072,59552.87643388599
32295.90117353183,32295.90117353183,31766.883714472828,30976.374766330657,59552.87643388599
32465.960570963827,32465.960570963827,32366.020082813706,31214.86602095737,59552.87643388599
31165.355755820223,31165.355755820223,32564.592561423255,31393.42218278405,59552.87643388599
32296.642044684886,32296.642044684886,32466.013972327375,31413.39688135923,59552.87643388599
31929.777190526867,31929.777190526867,32466.08959748917,31314.387839548857,59552.87643388599
31689.87367647545,31689.87367647545,33657.32962654681,31433.452076541198,59552.87643388599
32226.247969098902,32226.247969098902,34054.6796984843,31552.909942372902,59552.87643388599
31035.067972972534,31035.067972972534,34651.71876734837,31711.780725576842,59552.87643388599
32108.292454214585,32108.292454214585,33659.886290599425,31830.873819795805,59552.87643388599
31889.079771695793,31889.079771695793,34256.646290223536,31870.723735351847,59552.87643388599
32167.436205070033,32167.436205070033,32868.698993283084,31731.939825256835,59552.87643388599
31602.80331159405,31602.80331159405,31873.80549425853,31632.619769105917,59552.87643388599
31243.679203986292,31243.679203986292,32072.4333675274,31691.963919100082,59552.87643388599
32197.48995140518,32197.48995140518,32370.60088356292,31811.365513931916,59552.87643388599
32634.286961441565,32634.286961441565,33758.08583571359,32128.55806360582,59552.87643388599
31601.09794186275,31601.09794186275,33957.174640604135,32386.951676333134,59552.87643388599
31900.777148833316,31900.777148833316,33558.397068731414,32446.4049505432,59552.87643388599
32089.232397866166,32089.232397866166,32960.70294801297,32446.045937532428,59552.87643388599
32275.574767183025,32275.574767183025,32961.5722513967,32485.95636818212,59552.87643388599
31749.598113639386,31749.598113639386,33359.16570829504,32545.562018547007,59552.87643388599
31729.344577993234,31729.344577993234,33457.32486205851,32366.795019497193,59552.87643388599
32127.3765876662,32127.3765876662,32963.23919502221,32347.197336482288,59552.87643388599
31641.94113015506,31641.94113015506,33458.56249119624,32406.592893779743,59552.87643388599
30777.76841108262,30777.76841108262,33457.167714234616,32267.48256707295,59552.87643388599
31363.542202397897,31363.542202397897,32662.86642113548,32227.645160232005,59552.87643388599
31740.134385128902,31740.134385128902,31868.28598857373,32108.419009085796,59552.87643388599
32504.53872152072,32504.53872152072,31770.909325422144,32148.426341268896,59552.87643388599
31572.7926354262,31572.7926354262,32169.915214880464,32068.950646083555,59552.87643388599
31660.276906186646,31660.276906186646,32070.006750264107,32028.949701127793,59552.87643388599
31501.45315497781,31501.45315497781,32465.261050873312,32267.143490562565,59552.87643388599
31820.732187391164,31820.732187391164,32266.916308048007,32188.017337779325,59552.87643388599
31621.362541412796,31621.362541412796,32265.844138800992,32049.09060788875,59552.87643388599
31681.604783662646,31681.604783662646,31968.006503818255,32048.75838532919,59552.87643388599
32027.995326991073,32027.995326991073,32165.842248338893,32266.949725775197,59552.87643388599
31880.183220372815,31880.183220372815,32862.15434060978,32505.239740840203,59552.87643388599
32315.891331603667,32315.891331603667,34054.9370230411,32803.4524547632,59552.87643388599
32148.26752813293,32148.26752813293,34847.3755188251,32982.0002967052,59552.87643388599
31303.754516545603,31303.754516545603,35046.21293610001,33180.65701323651,59552.87643388599
31909.581864876967,31909.581864876967,34350.85642554912,33121.01515767328,59552.87643388599
31671.08853041715,31671.08853041715,33954.22489153812,33081.23757733795,59552.87643388599
31323.29238746388,31323.29238746388,35243.63929609426,33120.69263479134,59552.87643388599
31661.87962292005,31661.87962292005,35441.42866584055,32982.0675153472,59552.87643388599
32168.53399974109,32168.53399974109,34845.595873446975,32981.83815948243,59552.87643388599
31354.335673465444,31354.335673465444,34845.953862452836,33061.11573618333,59552.87643388599
32047.933593721682,32047.933593721682,33655.31982479771,33080.90320394915,59552.87643388599
31582.688387194346,31582.688387194346,32165.33334407444,33140.61212456804,59552.87643388599
30500.177656030784,30500.177656030784,32563.332869470654,33358.93889618672,59552.87643388599
31244.964696548748,31244.964696548748,32164.69187470359,33398.64834820908,59552.87643388599
31542.662356937202,31542.662356937202,32759.214349015347,33160.30721336494,59552.87643388599
31523.07478715613,31523.07478715613,32064.8072992486,33220.02104803573,59552.87643388599
31572.11593749423,31572.11593749423,31767.36904480961,33120.789700858695,59552.87643388599
32117.5929432413,32117.5929432413,32264.809589349978,32961.82541665445,59552.87643388599
31234.148139979246,31234.148139979246,33057.8302314838,33080.485693494535,59552.87643388599
32354.6774696183,32354.6774696183,32662.49679951276,33100.41230162041,59552.87643388599
31451.410169044557,31451.410169044557,33555.26402392234,33298.73808923578,59552.87643388599
31095.057645747107,31095.057645747107,34052.6648484347,33219.67916894562,59552.87643388599
31500.368889404657,31500.368889404657,32465.07931606003,33041.01881970188,59552.87643388599
32168.0831284116,32168.0831284116,32862.18676392943,33040.74194752529,59552.87643388599
31502.48709258823,31502.48709258823,32466.345821505878,32921.599119546234,59552.87643388599
31422.327771811142,31422.327771811142,33061.80049269635,32981.05188853029,59552.87643388599
32455.051454097815,32455.051454097815,32366.39013709732,33020.32792962155,59552.87643388599
31760.418271077084,31760.418271077084,32563.95448908916,33099.85521562058,59552.87643388599
31076.811380564654,31076.811380564654,32864.66131087096,33238.93128216324,59552.87643388599
31820.10964092431,31820.10964092431,32763.451973994397,33178.982519706704,59552.87643388599
32493.5865686655,32493.5865686655,33061.678626227396,33159.45664733854,59552.87643388599
32980.486759010826,32980.486759010826,32365.24118406607,32901.29247763801,59552.87643388599
31960.426799411107,31960.426799411107,33058.73020729647,32941.08544741487,59552.87643388599
31285.55422833682,31285.55422833682,31372.09066459515,32723.019490841725,59552.87643388599
31610.996802066515,31610.996802066515,32265.813569466874,32782.447383160266,59552.87643388599
32495.114782355075,32495.114782355075,31570.39311103416,32623.297369078115,59552.87643388599
31432.416968326354,31432.416968326354,31768.976708655253,32682.658298940893,59552.87643388599
31910.468406874832,31910.468406874832,30975.578956470836,32702.3231679103,59552.87643388599
31055.54427630211,31055.54427630211,29981.99340594362,32543.617465112726,59552.87643388599
31720.378486285248,31720.378486285248,30378.340967029588,32563.2171702657,59552.87643388599
31392.574696114192,31392.574696114192,29088.32214603089,32444.547792317626,59552.87643388599
31582.120292259446,31582.120292259446,29386.487641047068,32404.932808132675,59552.87643388599
32564.630767855837,32564.630767855837,29188.32813859566,32424.56921004959,59552.87643388599
31135.673622922295,31135.673622922295,29187.37519590318,32126.511487046275,59552.87643388599
31492.469588051114,31492.469588051114,29483.415441864716,32265.129121480393,59552.87643388599
32107.080796576964,32107.080796576964,30378.15031621462,32205.875222146373,59552.87643388599
30846.620454239157,30846.620454239157,30676.834429667902,32364.64192326487,59552.87643388599
31283.473639197444,31283.473639197444,31172.943316919536,32483.743003534015,59552.87643388599
31532.505179824577,31532.505179824577,30974.4340625385,32344.90297685677,59552.87643388599
31671.84200333047,31671.84200333047,31273.79817531252,32384.80835566042,59552.87643388599
31929.322163656132,31929.322163656132,31669.64924706577,32206.046773608818,59552.87643388599
31851.02574288875,31851.02574288875,31570.235720953577,31907.99254771517,59552.87643388599
31175.548349090135,31175.548349090135,32164.764701182336,31888.047046521035,59552.87643388599
31243.164281599922,31243.164281599922,33555.730673749975,31828.41503457627,59552.87643388599
32396.010085040143,32396.010085040143,33061.619647193045,32007.28176580917,59552.87643388599
30211.125908824113,30211.125908824113,33458.29681488425,32106.689606815595,59552.87643388599
31679.57941992395,31679.57941992395,33160.94758829301,31948.103581704614,59552.87643388599
31721.491972329255,31721.491972329255,33260.33448732127,32047.524167830157,59552.87643388599
