Epoch Reward,Avg Reward (last 10),Avg Reward (last 50),Best Reward,Replay Buffer Size
537.0761838555261,1074.6000790770083,1074.6000790770083,1367.6219846143833,408
1190.798181718102,1132.3303085270213,1132.3303085270213,1367.6219846143833,832
1426.8421894459163,1336.9409501510277,1249.4939931263546,1613.9670005211826,1278
1397.6937730880386,1415.6733979180358,1274.0018532225283,1613.9670005211826,1701
1300.143568693757,1352.5947904437107,1290.7343120532971,1613.9670005211826,2128
1169.9615885188446,1414.5754210322164,1320.8597091590912,1685.2745184908897,2574
1497.981336113367,1451.43736412652,1336.6494697885037,1685.2745184908897,3020
1525.0986134675152,1464.1406012107736,1356.6799321720118,1685.2745184908897,3481
1401.7574550477088,1466.311282686549,1365.4632059880691,1685.2745184908897,3935
1539.06033196012,1455.629789155385,1376.4699035686863,1685.2745184908897,4376
1417.117197829612,1447.0581914051752,1410.8685157625964,1685.2745184908897,4817
1192.405939122401,1404.766251303376,1430.9570921239574,1685.2745184908897,5258
1581.7803772802654,1433.6600675611894,1430.2123392446288,1685.2745184908897,5692
1432.0759419802864,1463.657247259289,1440.553861992208,1685.2745184908897,6140
1224.2585029210532,1469.612631770684,1453.6159075100236,1685.2745184908897,6598
1611.9834208705527,1494.419800527028,1456.5227378911702,1685.2745184908897,7058
1578.4248935400597,1457.1103726863062,1454.7505092219808,1685.2745184908897,7492
1872.1493048785487,1468.213076908646,1457.3372330307448,1872.1493048785487,7952
1517.806926992475,1463.313755895791,1454.1510038638291,1872.1493048785487,8383
1516.775972045967,1445.4521017500542,1455.3016955496787,1872.1493048785487,8833
1418.081713673525,1459.4849924100108,1456.6363640647965,1872.1493048785487,9266
1802.164333267246,1530.4929694753484,1480.447039184073,1872.1493048785487,9745
1462.8222945569873,1583.5159631758356,1486.6075431877255,1872.1493048785487,10210
1635.01076083696,1550.2562162741328,1497.7668329870419,1872.1493048785487,10671
1528.6410703190672,1474.3139000493845,1487.5477968434654,1872.1493048785487,11104
1285.7235581879777,1358.9312904236954,1470.6691309663756,1872.1493048785487,11527
1335.4077674531459,1320.6365963295432,1460.2530415721133,1872.1493048785487,11949
1111.4829278391983,1389.722249202079,1454.9709654250619,1872.1493048785487,12399
1311.1890808655648,1455.9260221461284,1458.7754948221805,1872.1493048785487,12834
1345.8677705304963,1487.9124503755381,1463.4630351501587,1872.1493048785487,13287
1472.2396041506513,1538.2086923812717,1474.520234816433,1872.1493048785487,13753
1417.6491717268382,1489.0198608890755,1455.1684134329041,1872.1493048785487,14189
1252.422273733082,1400.2621440019527,1437.8694709816561,1872.1493048785487,14620
1442.6958496596167,1361.932830455184,1417.5037362691144,1872.1493048785487,15066
1493.3347149266342,1358.8750677411826,1414.7817045200159,1872.1493048785487,15491
1263.1958812786118,1440.0765094932517,1433.7327800830258,1872.1493048785487,15941
1533.7712408950763,1549.03230623224,1460.4608465005554,1872.1493048785487,16412
1365.4170850418213,1507.2122703466762,1457.2307843119454,1872.1493048785487,16838
1614.837721470906,1467.3204312564926,1462.7397283226278,1872.1493048785487,17279
1542.9240184943267,1484.93005532825,1456.634305302488,1872.1493048785487,17732
1477.5732720113258,1412.599930220736,1437.617975890521,1872.1493048785487,18156
1531.512947003866,1427.772278808179,1444.3847888863081,1872.1493048785487,18605
1619.2896085878447,1509.9280141459512,1459.5511499193203,1872.1493048785487,19061
1128.698411140588,1496.5742434778417,1471.3130714908395,1904.4925828767505,19509
1329.1489104095112,1429.7517293477504,1473.726482240634,1904.4925828767505,19935
1363.3542619427649,1516.328529259194,1486.5634754440282,2006.236296015908,20412
1293.2404021341597,1554.783174476838,1474.8766558895536,2006.236296015908,20863
1328.6006097639893,1454.1872617177467,1475.9584737182422,2006.236296015908,21311
1295.1794725814314,1420.4655800783564,1465.505685653926,2006.236296015908,21747
1211.8957068597383,1394.3532961694862,1457.8431218864894,2006.236296015908,22185
1513.2298102735313,1437.2938808583003,1470.4444757814395,2006.236296015908,22631
1526.470464683926,1529.7155486798424,1478.2317758608222,2006.236296015908,23087
1381.0131293918196,1525.6511552796364,1473.5891040081763,2006.236296015908,23537
1265.2434710239854,1494.1675352260559,1477.7504342104655,2006.236296015908,24000
1437.7453447857438,1470.4978117424,1481.7383204871062,2006.236296015908,24432
1680.2774380239193,1497.0163965779595,1473.8880076742178,2006.236296015908,24900
1461.220854886327,1471.5912690446357,1465.0999394006658,2006.236296015908,25332
1245.717367933035,1423.708244734276,1467.7922042775235,2006.236296015908,25785
1381.5637125744634,1500.564967979634,1481.119816980921,2006.236296015908,26251
1571.4792598984936,1485.9539908391039,1486.112343211448,2006.236296015908,26682
1328.9987731477875,1404.6480310985435,1474.59064702897,2006.236296015908,27126
1560.8338412199519,1438.708678860255,1467.91096924753,2006.236296015908,27585
1490.0381010794363,1507.7279019077043,1471.0059963545832,2006.236296015908,28038
1517.3261897730958,1497.244130371589,1468.526288276637,2006.236296015908,28484
1365.9769440423643,1482.7107325499906,1473.4485805161019,2006.236296015908,28941
1526.8563454107505,1429.1949741381736,1454.9620037886793,2006.236296015908,29359
1430.6565157000666,1443.095801477892,1467.749487002753,2006.236296015908,29807
1364.9235027552506,1490.0541424563655,1468.2311833330975,2006.236296015908,30254
1734.6402247184865,1559.0515503121692,1479.44680346926,2006.236296015908,30737
1524.5727642057868,1549.6491314894097,1480.9702114631589,2006.236296015908,31174
1378.9267414896617,1537.8038383630296,1506.0779649221572,2006.236296015908,31656
1303.4778670205637,1568.0216276988097,1506.8328012308696,2006.236296015908,32111
1962.84801308964,1579.3818735762716,1520.4087592558706,2006.236296015908,32594
1636.3847736377008,1608.6160763572866,1529.1071904280088,2006.236296015908,33064
1213.127657108407,1523.0844676661534,1528.4835062791028,2006.236296015908,33515
1470.1646016763887,1442.0260844650504,1531.6734124933844,2006.236296015908,33945
1428.588223724921,1447.382859956356,1529.3409179747957,2006.236296015908,34394
1647.1939588720409,1464.8329851477306,1526.6291810316573,2006.236296015908,34836
1329.4611869818102,1509.7195155646605,1519.4745110252943,2006.236296015908,35291
1305.9365769496849,1534.2150849450613,1523.5423717227875,2006.236296015908,35753
1436.718083925656,1484.3770843835218,1508.7891602293928,2006.236296015908,36192
1709.0641485680899,1464.571897954585,1502.852425773943,2006.236296015908,36633
1580.9263563721593,1454.38682710942,1483.7901509360224,2006.236296015908,37078
1309.9952749818688,1460.637109232327,1473.2566323489507,2006.236296015908,37523
1452.643920110865,1432.8679387979773,1465.746845162387,2006.236296015908,37958
1089.6773837515764,1381.143615776507,1461.0801386112423,2006.236296015908,38382
1640.311829524085,1425.7335139035326,1461.4169759518225,2006.236296015908,38822
1472.669615885043,1506.647743645519,1469.4430903107998,2006.236296015908,39282
1601.4754391169943,1499.5558503798966,1459.3842429148697,2006.236296015908,39728
1384.0008327226244,1500.9591636045793,1462.7919060427034,2006.236296015908,40183
1334.0577074197104,1458.1016761256449,1454.129161263294,2006.236296015908,40611
1388.1597259568582,1438.772234978077,1457.6319734474016,2006.236296015908,41070
1593.4638952839546,1515.1467643965914,1466.2811487207284,2006.236296015908,41528
1364.5707408727872,1459.80088884097,1457.4647293691305,2006.236296015908,41957
1263.7612178125826,1405.0226097080588,1460.7120829027447,2006.236296015908,42393
1654.7661185802178,1422.2022198470038,1465.6764501832297,2006.236296015908,42824
1557.5289305588426,1450.9182282960587,1465.7490257812499,2006.236296015908,43273
1476.3426771163745,1471.3257205215825,1458.6120455584426,2006.236296015908,43727
1780.6797698765447,1467.1673213617887,1459.2713199776283,2006.236296015908,44180
1271.0676851055896,1522.710145967114,1462.9622420309495,2050.640197215987,44639
Epoch Reward,Avg Reward (last 10),Avg Reward (last 50),Best Reward,Replay Buffer Size
692.0085897043293,1095.8435643266582,1095.8435643266582,1341.3338579959084,425
1077.4587010832104,1022.4768942293109,1022.4768942293109,1341.3338579959084,813
1448.2116233844233,1115.473105325868,1108.929924992798,1448.2116233844233,1230
1572.78016516822,1378.1730802036357,1200.324987216473,1572.78016516822,1676
1694.2616705254993,1459.516282152849,1249.1644678568184,1694.2616705254993,2114
1470.6005530010084,1432.3154637726216,1277.6551460685225,1694.2616705254993,2555
1459.3232637663639,1431.7635461292907,1301.3356330775246,1694.2616705254993,3002
1344.1399531009765,1485.8731019586744,1329.7096350410604,1866.1469082022231,3453
1094.2198721118887,1420.4810153173344,1327.8123846863714,1866.1469082022231,3873
1504.24696384053,1386.3792352245177,1341.043555077752,1866.1469082022231,4327
1345.304459292943,1403.6875779118902,1366.1843053674465,1866.1469082022231,4741
1383.716035077273,1441.335843000828,1424.8153448320556,1866.1469082022231,5195
1487.8708372539143,1418.5343528069309,1426.7965548636594,1866.1469082022231,5620
1293.7105221876614,1371.6170444425566,1423.5041376798397,1866.1469082022231,6065
1480.7274544381366,1423.081750347506,1419.5096485025904,1866.1469082022231,6490
1315.8677058302098,1340.705187583849,1405.1820824420852,1866.1469082022231,6903
1513.8083029981824,1323.4870485703873,1397.8543489908095,1866.1469082022231,7324
1666.325299176115,1434.086713410519,1394.8248047324537,1866.1469082022231,7777
1404.4944309266498,1490.9891467838747,1411.9559752841178,1866.1469082022231,8221
1488.9104265203903,1453.515102814567,1408.251978250464,1866.1469082022231,8656
1225.3072864789974,1403.7835035938988,1411.9751604205196,1866.1469082022231,9084
1335.8616928084925,1421.3307425653213,1404.2509581633626,1866.1469082022231,9525
1410.0360640789145,1400.700950424248,1408.408479943983,1866.1469082022231,9968
1710.5987875576145,1483.1295006415914,1426.5534494031695,1866.1469082022231,10452
1230.7075043285054,1483.6808631658512,1420.5283025076517,1866.1469082022231,10889
1529.7809866247217,1465.961233826305,1451.604658651661,1866.1469082022231,11345
1509.8401768869942,1519.1561517325674,1459.662123140088,1866.1469082022231,11791
1467.051527244053,1394.1489537771881,1443.6171067249948,1866.1469082022231,12222
1645.594952414772,1350.6518672231757,1431.594667227948,1866.1469082022231,12651
1273.1073840887607,1347.0877835282179,1422.3316428677247,1866.1469082022231,13060
1322.3716228455999,1359.5948331639906,1422.7569331419663,1866.1469082022231,13479
1468.2507657438698,1400.8887601151896,1418.2432463776986,1866.1469082022231,13904
1514.3836571794156,1398.9703615492322,1422.410815366963,1866.1469082022231,14336
1614.077125455295,1413.2059220726899,1404.2585306639185,1866.1469082022231,14771
1346.1066670943133,1418.3787188291637,1409.350386499626,1866.1469082022231,15208
1551.7442317384982,1375.1852315358526,1386.1033302058274,1866.1469082022231,15626
1426.062476585657,1411.5761769805463,1387.8343915492217,1866.1469082022231,16076
1414.1798682196938,1484.80105813374,1404.2337510771383,1866.1469082022231,16515
1507.5618224553928,1445.386318880031,1406.7812818805928,1866.1469082022231,16947
1207.3906183252468,1382.1425352957892,1411.244701430652,1866.1469082022231,17374
1228.851684695674,1400.9259399410196,1415.0475032359986,1866.1469082022231,17813
1364.1005402638898,1425.79894046683,1416.22673750098,1866.1469082022231,18251
1549.9828409525217,1479.7036360114623,1431.1941581284448,1866.1469082022231,18715
1101.6965328394108,1417.5315810883367,1417.0918693041097,1866.1469082022231,19115
1266.023238524213,1335.1875868825732,1414.5559317391264,1866.1469082022231,19547
1415.7117500649886,1398.3047996736898,1421.7157829316773,1866.1469082022231,19993
1405.6884915547375,1386.5580329943703,1409.5523029418912,1866.1469082022231,20416
1437.0854141332186,1420.6328488503427,1408.8821410749974,1866.1469082022231,20854
1370.978384395486,1519.1517819041128,1424.3053955467074,1866.1469082022231,21302
1326.4412300312465,1467.9368271111293,1426.0409994380657,1866.1469082022231,21726
1272.2273116938202,1421.545019785522,1428.4292115156081,1866.1469082022231,22165
1130.04090759161,1390.9133238907084,1419.0638761228413,1866.1469082022231,22589
1443.1133107843573,1387.19376610261,1409.9272375338378,1866.1469082022231,23023
1495.683626361631,1404.8799522927325,1416.5335503637207,1866.1469082022231,23452
1361.5929090132397,1363.72597688111,1415.6349155335452,1866.1469082022231,23875
1412.5006780065873,1401.3638815316745,1417.1453667353176,1866.1469082022231,24318
1628.8293346233406,1432.0626445701375,1424.7358378486983,1866.1469082022231,24758
1136.397550064369,1364.4544374166505,1405.9096844485791,1866.1469082022231,25180
1490.2993441596807,1321.3618068773537,1385.1778428433465,1866.1469082022231,25607
1392.3370089936482,1336.1336669232364,1379.549052411001,1866.1469082022231,26029
1578.1997734054166,1419.8952123759857,1384.847881361439,1866.1469082022231,26479
1324.8577815422173,1476.6688995946465,1396.7001675517877,1866.1469082022231,26929
1484.3776661272618,1433.170424100216,1394.0432129609603,1866.1469082022231,27350
1505.133825206336,1463.8584222618524,1408.495861545612,1866.1469082022231,27790
1381.2831258707022,1455.209085410319,1412.3398346668023,1866.1469082022231,28220
1668.816907232381,1412.0923646678532,1410.641558172848,1866.1469082022231,28664
1489.2169268306484,1405.8308176640326,1407.0934692855815,1866.1469082022231,29096
1768.8097624334491,1451.112167675714,1427.9731042246606,1866.1469082022231,29554
1499.0761839079064,1442.1309055612296,1431.2472890223569,1866.1469082022231,29984
1218.7536737819726,1334.8889156102564,1427.7241539620643,1866.1469082022231,30410
1284.7248927899204,1337.2395231843977,1414.7161511840388,1866.1469082022231,30836
1265.7666231280048,1361.043726519487,1404.5991193470327,1866.1469082022231,31261
1526.5120868368583,1441.5007364397782,1416.3822136519511,1866.1469082022231,31725
1447.1123144146063,1470.6387675660096,1405.9551884078642,1866.1469082022231,32160
1359.304845388831,1386.126386664148,1402.5656739027172,1866.1469082022231,32586
1404.5665349535334,1384.181025963458,1400.3729206669852,1866.1469082022231,33035
1594.5144253668611,1411.1562356095903,1403.6307574918285,1866.1469082022231,33471
1167.747707942236,1398.5584872843842,1389.8621845887194,1866.1469082022231,33902
1707.5157610337915,1423.871281794588,1399.9788327385002,1866.1469082022231,34352
1602.1656844201232,1494.3672523297466,1421.757851932617,1866.1469082022231,34804
1430.025205753655,1468.2314108833177,1426.177210278285,1866.1469082022231,35242
1273.599859742558,1457.4850986817983,1441.0461263650795,1866.1469082022231,35691
1165.5809775194534,1357.9210768555163,1409.4612783614318,1866.1469082022231,36090
1376.0725307537493,1363.5282148341698,1419.6240158187118,1866.1469082022231,36541
1501.7381612521294,1428.1249357155252,1417.8609881717075,1866.1469082022231,36977
1534.1875843690425,1348.5280482654111,1412.4934202791019,1866.1469082022231,37396
1811.3100746939804,1410.7124687564651,1417.7722348010823,1866.1469082022231,37848
1763.143732561577,1449.3234284162736,1422.64640850548,1866.1469082022231,38284
1347.9207511941072,1418.7123299802893,1416.7404444382225,1866.1469082022231,38715
1466.539209580947,1449.9354869444364,1413.7600554284177,1866.1469082022231,39165
1288.3186768512464,1436.2174032123517,1410.3376429040297,1866.1469082022231,39598
1601.0402593176634,1404.3080906819687,1403.124653828452,1866.1469082022231,40037
1384.5241853966293,1438.0136533170994,1426.356158196346,1866.1469082022231,40476
1308.1440678580766,1403.527930541412,1411.1245969699003,1866.1469082022231,40911
1447.316261694548,1433.152295471234,1427.3616301474876,1866.1469082022231,41367
1468.7616213862193,1427.044196450349,1426.8278266068876,1866.1469082022231,41794
1481.575419995554,1439.3068587600794,1433.080508148211,1866.1469082022231,42237
1431.134874051318,1476.9680149113424,1432.3567439059016,1866.1469082022231,42671
1259.8703606394615,1397.6005716582604,1428.858156483805,1866.1469082022231,43102
1221.8875232366731,1413.9386276018004,1425.1573720373747,1866.1469082022231,43552
